,artists,song,album_images,playlist_name,genre
0,"['DDG', 'Blueface']",Moonwalking in Calabasas (feat. Blueface) [Remix],https://i.scdn.co/image/ab67616d00001e026202477d2565e6569926c9bd,RapCaviar,Rap
1,['CJ'],Whoopty,https://i.scdn.co/image/ab67616d00001e027af305bd0347c5d238f9333b,RapCaviar,Rap
2,['Jack Harlow'],Tyler Herro,https://i.scdn.co/image/ab67616d00001e02b4e9cc30c40e502c3472e055,RapCaviar,Rap
3,['Pop Smoke'],Shoot For The Stars Aim For The Moon,https://i.scdn.co/image/ab67616d00001e0277ada0863603903f57b34369,RapCaviar,Rap
4,"['21 Savage', 'Metro Boomin']",SAVAGE MODE II,https://i.scdn.co/image/ab67616d00001e02aa57907bf0cb2ca0c8cc74bc,RapCaviar,Rap
5,['DaBaby'],BLAME IT ON BABY (DELUXE),https://i.scdn.co/image/ab67616d00001e02e818d05b79be19f4d49f1ebf,RapCaviar,Rap
6,['Lil Eazzyy'],Onna Come Up,https://i.scdn.co/image/ab67616d00001e02fbbe7026f59d1a4bec1be2b6,RapCaviar,Rap
7,['Internet Money'],B4 The Storm,https://i.scdn.co/image/ab67616d00001e029ca0c952f130e28025209cf0,RapCaviar,Rap
8,['Polo G'],THE GOAT,https://i.scdn.co/image/ab67616d00001e02339f780dfdbc38558ea0761d,RapCaviar,Rap
9,"['21 Savage', 'Metro Boomin']",SAVAGE MODE II,https://i.scdn.co/image/ab67616d00001e02aa57907bf0cb2ca0c8cc74bc,RapCaviar,Rap
10,['Pop Smoke'],Shoot For The Stars Aim For The Moon (Deluxe),https://i.scdn.co/image/ab67616d00001e0246e1307c35579c3483ea7b03,RapCaviar,Rap
11,['YoungBoy Never Broke Again'],Top,https://i.scdn.co/image/ab67616d00001e028bd6e34012a7ab6311050d0c,RapCaviar,Rap
12,['Internet Money'],B4 The Storm,https://i.scdn.co/image/ab67616d00001e028de76cfb913ec21e57ed0dee,RapCaviar,Rap
13,"['Drake', 'Lil Durk']",Laugh Now Cry Later (feat. Lil Durk),https://i.scdn.co/image/ab67616d00001e0252c75ed37313b889447011ef,RapCaviar,Rap
14,['YoungBoy Never Broke Again'],Top,https://i.scdn.co/image/ab67616d00001e028bd6e34012a7ab6311050d0c,RapCaviar,Rap
15,['NLE Choppa'],From Dark to Light,https://i.scdn.co/image/ab67616d00001e0215b8c6093289caeb7929599b,RapCaviar,Rap
16,['Kanye West'],Nah Nah Nah (feat. DaBaby & 2 Chainz) [Remix],https://i.scdn.co/image/ab67616d00001e024c9f0f8f1fcab0471a4c66c0,RapCaviar,Rap
17,['NAV'],Emergency Tsunami,https://i.scdn.co/image/ab67616d00001e0292621d7615b7f5d056f5bbfe,RapCaviar,Rap
18,['Lil Tecca'],Virgo World,https://i.scdn.co/image/ab67616d00001e022026d0048432d395f6f715b5,RapCaviar,Rap
19,['Polo G'],Epidemic,https://i.scdn.co/image/ab67616d00001e02ec495f44eb359e3594cd7aa1,RapCaviar,Rap
20,['Big Sean'],Detroit 2,https://i.scdn.co/image/ab67616d00001e02b1b3fdd23be4c158d4d2c32f,RapCaviar,Rap
21,['Lil Tjay'],Losses,https://i.scdn.co/image/ab67616d00001e0226a6dfea32bce8cc5de74b38,RapCaviar,Rap
22,"['Future', 'Lil Uzi Vert']",Pluto x Baby Pluto,https://i.scdn.co/image/ab67616d00001e0257928e0363878a71692e6a1f,RapCaviar,Rap
23,['2 Chainz'],So Help Me God!,https://i.scdn.co/image/ab67616d00001e025aa0595fedf70e27dca892c7,RapCaviar,Rap
24,['Ty Dolla $ign'],Spicy (feat. Post Malone),https://i.scdn.co/image/ab67616d00001e02ba2d83c086616d4199e3762f,RapCaviar,Rap
25,['Trippie Redd'],Pegasus (Spooky Sounds Edition),https://i.scdn.co/image/ab67616d00001e02157274a974ff87db8de63104,RapCaviar,Rap
26,"['21 Savage', 'Metro Boomin']",SAVAGE MODE II,https://i.scdn.co/image/ab67616d00001e02aa57907bf0cb2ca0c8cc74bc,RapCaviar,Rap
27,['French Montana'],Double G (feat. Pop Smoke),https://i.scdn.co/image/ab67616d00001e029df3e60c3f3a8ffaf3a61550,RapCaviar,Rap
28,"['Future', 'Lil Uzi Vert']",Pluto x Baby Pluto,https://i.scdn.co/image/ab67616d00001e0257928e0363878a71692e6a1f,RapCaviar,Rap
29,"['Future', 'Lil Uzi Vert']",Pluto x Baby Pluto,https://i.scdn.co/image/ab67616d00001e0257928e0363878a71692e6a1f,RapCaviar,Rap
30,"['Travis Scott', 'Young Thug', 'M.I.A.']",FRANCHISE (feat. Young Thug & M.I.A.),https://i.scdn.co/image/ab67616d00001e0270f2ab5608885749f7210b5f,RapCaviar,Rap
31,"['City Girls', 'Quavo', 'Lil Wayne']","Pussy Talk (feat. Quavo, Lil Wayne, & Jack Harlow) [Remix]",https://i.scdn.co/image/ab67616d00001e026be5acc3318c51984c1a19e7,RapCaviar,Rap
32,['NAV'],Emergency Tsunami,https://i.scdn.co/image/ab67616d00001e0292621d7615b7f5d056f5bbfe,RapCaviar,Rap
33,"['Jeezy', 'Yo Gotti']",Back,https://i.scdn.co/image/ab67616d00001e02c3c9fc2c3e5bf5793d4176f2,RapCaviar,Rap
34,['Lil Mosey'],Jumpin Out The Face,https://i.scdn.co/image/ab67616d00001e022fcc739eb5a72a4ec72c90e5,RapCaviar,Rap
35,"['Freddie Gibbs', 'Hit-Boy']",4 Thangs (feat. Big Sean & Hit-Boy),https://i.scdn.co/image/ab67616d00001e023ea482f6b4febc536b32e608,RapCaviar,Rap
36,['Rod Wave'],All Week,https://i.scdn.co/image/ab67616d00001e023ec284436406885e9463df26,RapCaviar,Rap
37,['T.I.'],The L.I.B.R.A.,https://i.scdn.co/image/ab67616d00001e02537e2bf93a6bfb3b2ed3f02e,RapCaviar,Rap
38,['NLE Choppa'],From Dark to Light,https://i.scdn.co/image/ab67616d00001e0215b8c6093289caeb7929599b,RapCaviar,Rap
39,"['WhoHeem', 'Tyga', 'Lil Mosey']",Lets Link (feat. Tyga & Lil Mosey),https://i.scdn.co/image/ab67616d00001e02eeaf0bad5bf8392898e18b53,RapCaviar,Rap
40,"['Saweetie', 'Jhené Aiko']",Back to the Streets (feat. Jhené Aiko),https://i.scdn.co/image/ab67616d00001e02ba200e818b41aa680a6c629c,RapCaviar,Rap
41,['Trippie Redd'],Sleepy Hollow,https://i.scdn.co/image/ab67616d00001e026f53f721c7bed7f8d159cfcb,RapCaviar,Rap
42,"['Lil Durk', '6LACK', 'Young Thug']",Stay Down (with 6LACK & Young Thug),https://i.scdn.co/image/ab67616d00001e023b0fea20c148f3bdc7995788,RapCaviar,Rap
43,['BRS Kash'],Throat Baby (Go Baby),https://i.scdn.co/image/ab67616d00001e0249ac683ae9305f95ff58a865,RapCaviar,Rap
44,"['Mike WiLL Made-It', 'Nicki Minaj', 'YoungBoy Never Broke Again']",What That Speed Bout!?,https://i.scdn.co/image/ab67616d00001e026286b366f3065516f51ce06e,RapCaviar,Rap
45,['Saweetie'],"Tap In (feat. Post Malone, DaBaby & Jack Harlow)",https://i.scdn.co/image/ab67616d00001e02104c360641f08f5c1e164218,RapCaviar,Rap
46,['2 Chainz'],So Help Me God!,https://i.scdn.co/image/ab67616d00001e025aa0595fedf70e27dca892c7,RapCaviar,Rap
47,"['Cardi B', 'Megan Thee Stallion']",WAP (feat. Megan Thee Stallion),https://i.scdn.co/image/ab67616d00001e02c450c89d3eb750d3535b0a0c,RapCaviar,Rap
48,['Mulatto'],Muwop (feat. Gucci Mane),https://i.scdn.co/image/ab67616d00001e02d9b3798e602cd1f419117157,RapCaviar,Rap
49,['Megan Thee Stallion'],Don’t Stop (feat. Young Thug),https://i.scdn.co/image/ab67616d00001e02423c3bbb123be321158bbb26,RapCaviar,Rap
0,['Billie Eilish'],Therefore I Am,https://i.scdn.co/image/ab67616d00001e02fec5ef9f3133aff71c525acc,Pop Rising,Pop
1,['Sara Kays'],Remember That Night?,https://i.scdn.co/image/ab67616d00001e02f36780c7d24ed9e6340c1fde,Pop Rising,Pop
2,['Tones And I'],Fly Away,https://i.scdn.co/image/ab67616d00001e028c897bc19eeadf12de0dbd9a,Pop Rising,Pop
3,['HVME'],Goosebumps,https://i.scdn.co/image/ab67616d00001e025d29fc4c51a450bd32135de1,Pop Rising,Pop
4,['Lil Nas X'],HOLIDAY,https://i.scdn.co/image/ab67616d00001e026771a05f34d77e5fc2bde64c,Pop Rising,Pop
5,['The Kid LAROI'],F*CK LOVE (SAVAGE),https://i.scdn.co/image/ab67616d00001e02df16d539f508603bfb1efe02,Pop Rising,Pop
6,"['MEDUZA', 'Dermot Kennedy']",Paradise,https://i.scdn.co/image/ab67616d00001e02b6567be9f8b996a2b5f9b7fa,Pop Rising,Pop
7,"['Dua Lipa', 'Angèle']",Fever,https://i.scdn.co/image/ab67616d00001e022ce9eae0b5b4ab512ed08865,Pop Rising,Pop
8,"['24kGoldn', 'Justin Bieber', 'J Balvin']","Mood (Remix) feat. Justin Bieber, J Balvin & iann dior",https://i.scdn.co/image/ab67616d00001e0260036f58bbb4b25a7a6f2712,Pop Rising,Pop
9,"['Miley Cyrus', 'Stevie Nicks']",Edge of Midnight (Midnight Sky Remix) (feat. Stevie Nicks),https://i.scdn.co/image/ab67616d00001e02a11119d93d213de96081c6e7,Pop Rising,Pop
10,['347aidan'],Dancing in My Room,https://i.scdn.co/image/ab67616d00001e021d3ed2480dd4944e094484f4,Pop Rising,Pop
11,['The Kid LAROI'],SO DONE,https://i.scdn.co/image/ab67616d00001e02e59aad3262c3ca9107ca5c2f,Pop Rising,Pop
12,['Popp Hunna'],Adderall (Corvette Corvette),https://i.scdn.co/image/ab67616d00001e02132253edc32d503a6d1f0298,Pop Rising,Pop
13,"['Future', 'Lil Uzi Vert']",Pluto x Baby Pluto,https://i.scdn.co/image/ab67616d00001e0257928e0363878a71692e6a1f,Pop Rising,Pop
14,['Ariana Grande'],Positions,https://i.scdn.co/image/ab67616d00001e026484dfce3cc12e68d8aa2e55,Pop Rising,Pop
15,['Little Mix'],Sweet Melody,https://i.scdn.co/image/ab67616d00001e02d8bd7cd17c4d1c97f445b184,Pop Rising,Pop
16,"['Foster', 'Sody', 'Sarcastic Sounds']",fools (can't help falling in love),https://i.scdn.co/image/ab67616d00001e02cce55e13a5956d89ee95c6cc,Pop Rising,Pop
17,['Tate McRae'],Spotify Singles,https://i.scdn.co/image/ab67616d00001e022cf3f3669e1208952c9de212,Pop Rising,Pop
18,['BENEE'],Hey u x,https://i.scdn.co/image/ab67616d00001e024bd20e01d00de4b35b61f5f7,Pop Rising,Pop
19,['Harry Styles'],Fine Line,https://i.scdn.co/image/ab67616d00001e0277fdcfda6535601aff081b6a,Pop Rising,Pop
20,"['Robin Schulz', 'KIDDO']",All We Got (feat. KIDDO),https://i.scdn.co/image/ab67616d00001e022de76be172e12f6ba04c9cd9,Pop Rising,Pop
21,"['Maluma', 'The Weeknd']",Hawái (Remix),https://i.scdn.co/image/ab67616d00001e02be768155351bbd7d4c19ab13,Pop Rising,Pop
22,['Ariana Grande'],positions,https://i.scdn.co/image/ab67616d00001e027368325f5998ef48d4fb5401,Pop Rising,Pop
23,['CJ'],Whoopty,https://i.scdn.co/image/ab67616d00001e027af305bd0347c5d238f9333b,Pop Rising,Pop
24,"['G-Eazy', 'blackbear']",Hate The Way (feat. blackbear),https://i.scdn.co/image/ab67616d00001e02cad9ceeebb8d1dd84e5ce8d9,Pop Rising,Pop
25,['Pink Sweat$'],The Prelude,https://i.scdn.co/image/ab67616d00001e02e99f7b031daf4e3bc1c275e5,Pop Rising,Pop
26,['Aries'],FOOL'S GOLD,https://i.scdn.co/image/ab67616d00001e021775c272fc6322fa8a92c721,Pop Rising,Pop
27,['Dermot Kennedy'],Without Fear,https://i.scdn.co/image/ab67616d00001e02ba3249d8dbaaf029ad8c86bb,Pop Rising,Pop
28,['Anne-Marie'],Problems,https://i.scdn.co/image/ab67616d00001e02dbecd3d4b91dc8528e7860dd,Pop Rising,Pop
29,['Sam Smith'],Love Goes,https://i.scdn.co/image/ab67616d00001e028d1974dc3ab1893678ae499a,Pop Rising,Pop
30,"['Justin Bieber', 'benny blanco']",Lonely (with benny blanco),https://i.scdn.co/image/ab67616d00001e0283b22beb73e2014b20159685,Pop Rising,Pop
31,"['Tate McRae', 'Ali Gatie']",lie to me,https://i.scdn.co/image/ab67616d00001e02974922047f02120b72d697b3,Pop Rising,Pop
32,['Fousheé'],single af,https://i.scdn.co/image/ab67616d00001e0221622f01028528ea45cda421,Pop Rising,Pop
33,"[""Why Don't We""]",Fallin’ (Adrenaline),https://i.scdn.co/image/ab67616d00001e0262d3381a88a63957b563967e,Pop Rising,Pop
34,"['Alesso', 'Charlotte Lawrence']",THE END,https://i.scdn.co/image/ab67616d00001e025ec079dde31d5017713044fd,Pop Rising,Pop
35,"['Ofenbach', 'Quarterhead', 'Norma Jean Martine']",Head Shoulders Knees & Toes (feat. Norma Jean Martine),https://i.scdn.co/image/ab67616d00001e02ebafa7f05f414679c41b0de5,Pop Rising,Pop
36,"['Lukas Graham', 'Wiz Khalifa']",Where I’m From (feat. Wiz Khalifa),https://i.scdn.co/image/ab67616d00001e02878209278c7db319dbb69308,Pop Rising,Pop
37,['Ariana Grande'],Positions,https://i.scdn.co/image/ab67616d00001e025ef878a782c987d38d82b605,Pop Rising,Pop
38,['Ty Dolla $ign'],Spicy (feat. Post Malone),https://i.scdn.co/image/ab67616d00001e02ba2d83c086616d4199e3762f,Pop Rising,Pop
39,"['Marshmello', 'Imanbek', 'Usher']",Too Much (feat. Usher),https://i.scdn.co/image/ab67616d00001e0277d85d6688b7010ce154fe0a,Pop Rising,Pop
40,"['Zedd', 'Griff']",Inside Out (feat. Griff),https://i.scdn.co/image/ab67616d00001e02c0144e6a8931844424c1d2f0,Pop Rising,Pop
41,['Halsey'],Manic,https://i.scdn.co/image/ab67616d00001e02309b0cb81728d42a6dfb2b81,Pop Rising,Pop
42,['Dermot Kennedy'],Without Fear (The Complete Edition),https://i.scdn.co/image/ab67616d00001e027f56f9258b62d9b1a9488f3d,Pop Rising,Pop
43,['Glass Animals'],Dreamland,https://i.scdn.co/image/ab67616d00001e02712701c5e263efc8726b1464,Pop Rising,Pop
44,['Major Lazer'],Music Is The Weapon,https://i.scdn.co/image/ab67616d00001e02aacbfc6de7128a834757fea4,Pop Rising,Pop
45,['Daya'],First Time,https://i.scdn.co/image/ab67616d00001e027e900a9bc386e913f4575f61,Pop Rising,Pop
46,"['Dua Lipa', 'DaBaby']",Levitating (feat. DaBaby),https://i.scdn.co/image/ab67616d00001e0249caa4fc6f962057ba65576a,Pop Rising,Pop
47,['Jack Harlow'],Tyler Herro,https://i.scdn.co/image/ab67616d00001e02b4e9cc30c40e502c3472e055,Pop Rising,Pop
48,"['jxdn', 'iann dior']",Tonight (feat. iann dior),https://i.scdn.co/image/ab67616d00001e02d33775fb24dae9d06178869a,Pop Rising,Pop
49,['Lyn Lapid'],Producer Man,https://i.scdn.co/image/ab67616d00001e028a69b0e86fea7d14e330334c,Pop Rising,Pop
50,['Remi Wolf'],I'm Allergic To Dogs!,https://i.scdn.co/image/ab67616d00001e020e68fefa1408603f54a4d664,Pop Rising,Pop
51,['Ruel'],say it over (feat. Cautious Clay),https://i.scdn.co/image/ab67616d00001e02190ebe28d8b6a9c78c42c510,Pop Rising,Pop
52,['Gabby Barrett'],Goldmine,https://i.scdn.co/image/ab67616d00001e026c4c8d7e8742204879bff7b3,Pop Rising,Pop
53,['Tom Gregory'],Heaven in a World so Cold,https://i.scdn.co/image/ab67616d00001e023aab4d2f44f881d4874e629c,Pop Rising,Pop
54,['Tiësto'],The Business,https://i.scdn.co/image/ab67616d00001e02f461bbc21a9bcec43a926973,Pop Rising,Pop
55,"['DDG', 'Blueface']",Moonwalking in Calabasas (feat. Blueface) [Remix],https://i.scdn.co/image/ab67616d00001e026202477d2565e6569926c9bd,Pop Rising,Pop
56,['KAROL G'],BICHOTA,https://i.scdn.co/image/ab67616d00001e02a9c7357101e65ee6af3c3789,Pop Rising,Pop
57,['Little Mix'],Confetti,https://i.scdn.co/image/ab67616d00001e02e65e670042a27c634cf8ade1,Pop Rising,Pop
58,['Julia Michaels'],Lie Like This,https://i.scdn.co/image/ab67616d00001e0265394de36551814a6a69ec76,Pop Rising,Pop
59,"['Lauv', 'Conan Gray']",Fake,https://i.scdn.co/image/ab67616d00001e027eff443a62c51d7f9d39dc20,Pop Rising,Pop
60,"['BENEE', 'Lily Allen']",Plain (feat. Lily Allen & Flo Milli),https://i.scdn.co/image/ab67616d00001e02b70cd6c879e684e0207ba0e6,Pop Rising,Pop
61,['Fousheé'],Deep End,https://i.scdn.co/image/ab67616d00001e02bcf6d999338f72005c8522a7,Pop Rising,Pop
62,"['Swae Lee', 'Tyga', 'Lil Mosey']","Krabby Step (with Tyga & Lil Mosey) [Music From ""Sponge On The Run"" Movie]",https://i.scdn.co/image/ab67616d00001e0236eb49fb64e55ac15b60ec94,Pop Rising,Pop
63,"['Don Diablo', 'Imanbek', 'Trevor Daniel']",Kill Me Better,https://i.scdn.co/image/ab67616d00001e02028033d42eb227efdfc67565,Pop Rising,Pop
64,"['Tate McRae', 'Gryffin']",you broke me first (Gryffin Remix),https://i.scdn.co/image/ab67616d00001e02b20a957fb0415aedac89d30a,Pop Rising,Pop
65,"['Zara Larsson', 'Sabrina Carpenter']",WOW (feat. Sabrina Carpenter) [Remix],https://i.scdn.co/image/ab67616d00001e02bc73c01cd72be02b9b51c095,Pop Rising,Pop
66,['LANY'],mama's boy,https://i.scdn.co/image/ab67616d00001e02be813e62b1e1f5b8ea3dcb27,Pop Rising,Pop
67,['NF'],Chasing_(Demo),https://i.scdn.co/image/ab67616d00001e029ad2960fafd7b9656c895578,Pop Rising,Pop
68,"['Bea Miller', 'Aminé']",FEEL SOMETHING DIFFERENT,https://i.scdn.co/image/ab67616d00001e0272d8ee56d51e32bc83c577c0,Pop Rising,Pop
69,['ROLE MODEL'],blind,https://i.scdn.co/image/ab67616d00001e023decf2bd9fe7c188ec62fd39,Pop Rising,Pop
70,['Machine Gun Kelly'],Tickets To My Downfall,https://i.scdn.co/image/ab67616d00001e02d4d4929a3a86fe2f9fadbd42,Pop Rising,Pop
71,"['Mike WiLL Made-It', 'Nicki Minaj', 'YoungBoy Never Broke Again']",What That Speed Bout!?,https://i.scdn.co/image/ab67616d00001e026286b366f3065516f51ce06e,Pop Rising,Pop
72,['H.E.R.'],Damage,https://i.scdn.co/image/ab67616d00001e029276b0040c00070f5811019e,Pop Rising,Pop
73,"['Jax Jones', 'Au/Ra']",i miss u (with Au/Ra),https://i.scdn.co/image/ab67616d00001e0210ed2ef03b65df44bb80c012,Pop Rising,Pop
74,"['FLETCHER', 'Kito']",Bitter (feat. Trevor Daniel),https://i.scdn.co/image/ab67616d00001e02a00ed472de577d7e2b7ead3a,Pop Rising,Pop
75,"['BabyJake', '24kGoldn']",Cigarettes On Patios (Remix),https://i.scdn.co/image/ab67616d00001e028b243a0e52758b1b564d2621,Pop Rising,Pop
76,['Ruel'],"Bright Lights, Red Eyes",https://i.scdn.co/image/ab67616d00001e024435dabd397b1b3b791c8815,Pop Rising,Pop
77,['Kiiara'],lil kiiwi,https://i.scdn.co/image/ab67616d00001e0204090677fe520a72568910ec,Pop Rising,Pop
78,"['ILLENIUM', 'Annika Wells']",Nightlight,https://i.scdn.co/image/ab67616d00001e024ff57db402e4141de3aff36f,Pop Rising,Pop
79,['Shawn Mendes'],Wonder,https://i.scdn.co/image/ab67616d00001e023d9621bb2904dc57a60a6b36,Pop Rising,Pop
80,['Tai Verdes'],Stuck in the Middle,https://i.scdn.co/image/ab67616d00001e02be61e0dc6cdf58dbb5e3278c,Pop Rising,Pop
81,['JP Saxe'],A Little Bit Yours,https://i.scdn.co/image/ab67616d00001e02e8f586f730554a31ff8c42b4,Pop Rising,Pop
82,"['Sigala', 'James Arthur']",Lasting Lover,https://i.scdn.co/image/ab67616d00001e02c81e8266fc5973137c314afc,Pop Rising,Pop
83,['YUNGBLUD'],cotton candy,https://i.scdn.co/image/ab67616d00001e02f23de6e7cd27c5dfa1e4f31b,Pop Rising,Pop
84,['FINNEAS'],Can't Wait To Be Dead,https://i.scdn.co/image/ab67616d00001e02d18cdc3a1980a9871e7c717b,Pop Rising,Pop
0,['Phoebe Bridgers'],Kyoto (Copycat Killer Version),https://i.scdn.co/image/ab67616d00001e02faf4641ffa1ac3c4647ffed8,All New Indie,Indie
1,['Hope Tala'],Girl Eats Sun,https://i.scdn.co/image/ab67616d00001e020233d1ceb0813ce5d532b77c,All New Indie,Indie
2,['Pale Waves'],Change,https://i.scdn.co/image/ab67616d00001e02b561d5c8b63e55716f07a6ff,All New Indie,Indie
3,['Brijean'],Day Dreaming,https://i.scdn.co/image/ab67616d00001e0258047f491e77d21b0f46c36f,All New Indie,Indie
4,"['Cavetown', 'Miloe']",Let Me Feel Low (feat. Miloe),https://i.scdn.co/image/ab67616d00001e02e337cb59e16ae13ff021881e,All New Indie,Indie
5,['Kid Bloom'],"Hold In, Hold On",https://i.scdn.co/image/ab67616d00001e02d9a04ca1084b0cfa6d0f7308,All New Indie,Indie
6,['Sorcha Richardson'],The Starlight Lounge,https://i.scdn.co/image/ab67616d00001e02a128682b1fd7808048e176a6,All New Indie,Indie
7,['Alfie Templeman'],Shady,https://i.scdn.co/image/ab67616d00001e02549c3860d2ccf7947f2e9b89,All New Indie,Indie
8,['Nation of Language'],A Different Kind of Life,https://i.scdn.co/image/ab67616d00001e02087f35f88e1cd04750235da5,All New Indie,Indie
9,['Foster The People'],"In The Darkest Of Nights, Let The Birds Sing",https://i.scdn.co/image/ab67616d00001e02550bfaa90630124f5b7023ef,All New Indie,Indie
10,['Soccer Mommy'],color theory (selected demos),https://i.scdn.co/image/ab67616d00001e02e4b96546435c9b844a914f2e,All New Indie,Indie
11,"['Quarter-Life Crisis', 'Ryan Hemsworth', 'Hand Habits']",Comfortable,https://i.scdn.co/image/ab67616d00001e023223bc44d4add0f07158b7b7,All New Indie,Indie
12,['The Antlers'],It Is What It Is,https://i.scdn.co/image/ab67616d00001e028f90d3ac615601c7d4983e01,All New Indie,Indie
13,"['Young Saab', 'jackson lee morgan']",texas summer,https://i.scdn.co/image/ab67616d00001e02c0bf23744a8096a1c61b79f9,All New Indie,Indie
14,['Pom Poko'],Like A Lady,https://i.scdn.co/image/ab67616d00001e027ec18fb29c6dd7d0a7d18e4d,All New Indie,Indie
15,['COLETON RUBIN'],greN,https://i.scdn.co/image/ab67616d00001e02cf7f82c1eabcdb7481106c56,All New Indie,Indie
16,['Homeschool'],Satisfied,https://i.scdn.co/image/ab67616d00001e02ad5055dc13d10f2bf0401770,All New Indie,Indie
17,['KALI'],Back to the Start,https://i.scdn.co/image/ab67616d00001e027115d4590fe8a44d9804ffb1,All New Indie,Indie
18,['Zeph'],goodnight moon (demos),https://i.scdn.co/image/ab67616d00001e02807ca99493ddac2fce2b0145,All New Indie,Indie
19,['Alaska Reid'],Oblivion,https://i.scdn.co/image/ab67616d00001e0270d5cdb7cae09c93d6fba965,All New Indie,Indie
20,['Zack Villere'],FOR THE REST OF MY LIFE,https://i.scdn.co/image/ab67616d00001e02dcf9a3f53dfb69e059e16b9d,All New Indie,Indie
21,['Valley Boy'],Cigarette,https://i.scdn.co/image/ab67616d00001e022e1996dd0c70fc164c10f219,All New Indie,Indie
22,['STEPHAN'],WINTER SOLSTICE,https://i.scdn.co/image/ab67616d00001e021927a69d3fcf740815534e32,All New Indie,Indie
23,"['Sega Bodega', 'Låpsley']",Make U Stay,https://i.scdn.co/image/ab67616d00001e022f16fa8350de4174960c2f53,All New Indie,Indie
24,['Jade Bird'],Headstart,https://i.scdn.co/image/ab67616d00001e028793659c4794e5c29383a802,All New Indie,Indie
25,['Tunng'],Tunng Presents…DEAD CLUB,https://i.scdn.co/image/ab67616d00001e023b45c8fbd9a78f0a7e462799,All New Indie,Indie
26,['Jamie B.'],Calling The Shots,https://i.scdn.co/image/ab67616d00001e02ad568468966de15afff3788f,All New Indie,Indie
27,['Tim Atlas'],Wallflower,https://i.scdn.co/image/ab67616d00001e02efb82149a47fa0faeaf15a0b,All New Indie,Indie
28,['Rook Monroe'],Honey,https://i.scdn.co/image/ab67616d00001e02817a749e303d182c41c0f7ef,All New Indie,Indie
29,['Novo Amor'],"Cannot Be, Whatsoever",https://i.scdn.co/image/ab67616d00001e0270c5f7f71006175627ab9077,All New Indie,Indie
30,['Jane Weaver'],The Revolution Of Super Visions (Edit),https://i.scdn.co/image/ab67616d00001e0299c829641aa2b3a522ed4826,All New Indie,Indie
31,['Brittany Howard'],You'll Never Walk Alone,https://i.scdn.co/image/ab67616d00001e023f1115b68609c4adafb727c6,All New Indie,Indie
32,['Master Peace'],Love Bites,https://i.scdn.co/image/ab67616d00001e02de388538607f2377bab3f58c,All New Indie,Indie
33,['Mishegas'],Untitled,https://i.scdn.co/image/ab67616d00001e0233c824ccbada62170e2ff972,All New Indie,Indie
34,"['chemical club', 'fanclubwallet']",double down,https://i.scdn.co/image/ab67616d00001e025d02944c07691afc2d86e3a8,All New Indie,Indie
35,['Charlie Hickey'],No Good at Lying,https://i.scdn.co/image/ab67616d00001e0225e8666afb48907a9a1f9ce2,All New Indie,Indie
36,['LARRY PINK THE HUMAN'],Wasted Days (Inbetweens),https://i.scdn.co/image/ab67616d00001e028d6e577a302bcb4719e3fbd3,All New Indie,Indie
37,['Baby Queen'],Want Me,https://i.scdn.co/image/ab67616d00001e021be4d5712a8e94ca7fadb651,All New Indie,Indie
38,['C.S. Fulp'],Sunburn,https://i.scdn.co/image/ab67616d00001e02ca7408ffd199915cd17a65ca,All New Indie,Indie
39,['Vlad Holiday'],I'll Probably Never Be Somebody,https://i.scdn.co/image/ab67616d00001e027b64018824f8cdd95fb52785,All New Indie,Indie
40,['Peter The Human Boy'],This Kind of Love,https://i.scdn.co/image/ab67616d00001e02098ee6b4d29bd3bd0f8c4f86,All New Indie,Indie
41,['Fleece'],Upside Down,https://i.scdn.co/image/ab67616d00001e0228e2a6fe7ae5bed623c87839,All New Indie,Indie
42,['LUI HILL'],Creatures,https://i.scdn.co/image/ab67616d00001e020531afd23874d5104a9a22d6,All New Indie,Indie
43,['Sally Boy'],EREZ,https://i.scdn.co/image/ab67616d00001e02ec4d2edd39cf179ccb81bef0,All New Indie,Indie
44,['Bakar'],1st Time,https://i.scdn.co/image/ab67616d00001e020bfe661fbf9e76994f94d018,All New Indie,Indie
45,['The Avalanches'],Interstellar Love (feat. Leon Bridges),https://i.scdn.co/image/ab67616d00001e020404f37e971a4153b87fc29a,All New Indie,Indie
46,['Shelly'],Shelly,https://i.scdn.co/image/ab67616d00001e02d711a839a6e39efda6b6ba88,All New Indie,Indie
47,"['Myd', 'Mac DeMarco']",Moving Men,https://i.scdn.co/image/ab67616d00001e02dae0011dbd8481aace6716d0,All New Indie,Indie
48,['Oneohtrix Point Never'],Midday Suite,https://i.scdn.co/image/ab67616d00001e020365520a7a9c172463d73288,All New Indie,Indie
49,"['Helado Negro', 'Flock of Dimes']",Lotta Love,https://i.scdn.co/image/ab67616d00001e02cd41d25a080a4ff05a7b46c7,All New Indie,Indie
50,"['Jim-E Stack', 'Kacy Hill']",Can We (with Kacy Hill),https://i.scdn.co/image/ab67616d00001e0263a1d727cadc9e9a9dd580e4,All New Indie,Indie
51,['Ambar Lucid'],Head Down,https://i.scdn.co/image/ab67616d00001e02029ca9f1e75c6630c3a798f2,All New Indie,Indie
52,['Rhye'],Black Rain,https://i.scdn.co/image/ab67616d00001e02588e024782378d5f215598b4,All New Indie,Indie
53,['JAWNY'],For Abby,https://i.scdn.co/image/ab67616d00001e02bf076bd9b8ad8facbb19f473,All New Indie,Indie
54,['Jordana'],I Guess This is Life,https://i.scdn.co/image/ab67616d00001e0268f544d0bddcf0514453fa46,All New Indie,Indie
55,['Sunset Rollercoaster'],Under the Skin,https://i.scdn.co/image/ab67616d00001e02560f0c3602079aca51b13903,All New Indie,Indie
56,['Bright Eyes'],Miracle of Life,https://i.scdn.co/image/ab67616d00001e02d2489cef9771770ab88115a0,All New Indie,Indie
57,['Creams'],RUN,https://i.scdn.co/image/ab67616d00001e02e45f3b7bdb532f68d960c294,All New Indie,Indie
58,['Knox Fortune'],Stock Child Wonder,https://i.scdn.co/image/ab67616d00001e028792186e904b9a755eb48c83,All New Indie,Indie
59,['Dirty Projectors'],Searching Spirit,https://i.scdn.co/image/ab67616d00001e027256a568e9f77f3fc2ec58c5,All New Indie,Indie
60,['WENS'],giant bat and sad sad,https://i.scdn.co/image/ab67616d00001e0269d6dc1d282cb42982d0031b,All New Indie,Indie
61,['Pixey'],Free to Live in Colour,https://i.scdn.co/image/ab67616d00001e02024621a76d3227fb2a82126c,All New Indie,Indie
62,['Arlo Parks'],Green Eyes,https://i.scdn.co/image/ab67616d00001e02b6a17eb519189d6ac2138377,All New Indie,Indie
63,['boy pablo'],Wachito Rico,https://i.scdn.co/image/ab67616d00001e02c9a9f145388397f878892480,All New Indie,Indie
64,['MorMor'],Don't Cry,https://i.scdn.co/image/ab67616d00001e02e7a80c32e06af175a20a6f06,All New Indie,Indie
65,['Gorillaz'],"Song Machine, Season One: Strange Timez (Deluxe)",https://i.scdn.co/image/ab67616d00001e0205a3c11cb2cb7c60d30316a3,All New Indie,Indie
66,['Julien Baker'],Faith Healer,https://i.scdn.co/image/ab67616d00001e023ff1c85777cb1830369a1cc8,All New Indie,Indie
67,['Nilüfer Yanya'],Crash,https://i.scdn.co/image/ab67616d00001e02e29dae37fbad2cea6bc41a9a,All New Indie,Indie
68,['Baird'],"BIRDSONGS, Vol. 2",https://i.scdn.co/image/ab67616d00001e026a7bf6dc7f5ed701ef123457,All New Indie,Indie
69,['The Marías'],bop it up!,https://i.scdn.co/image/ab67616d00001e02253b70fc44f476135b647964,All New Indie,Indie
70,['Biig Piig'],Oh No / Liahr,https://i.scdn.co/image/ab67616d00001e02ad6f70c141bec2321e022e9a,All New Indie,Indie
71,['Adrianne Lenker'],songs,https://i.scdn.co/image/ab67616d00001e021e15b31739403f7bf7db598f,All New Indie,Indie
72,['Ginger Root'],Rikki,https://i.scdn.co/image/ab67616d00001e020352b8d78d2118bd38dbb004,All New Indie,Indie
73,['Wallows'],Remote,https://i.scdn.co/image/ab67616d00001e02cf7658aea039753d7ea58b1a,All New Indie,Indie
74,"['NEIL FRANCES', 'Raffaella']",On the Lookout (feat. Raffaella),https://i.scdn.co/image/ab67616d00001e02808da3870352ccc4611fbb51,All New Indie,Indie
75,['Miloe'],Change Your Mind,https://i.scdn.co/image/ab67616d00001e029022bc8d2c60a93906cfc2b4,All New Indie,Indie
76,['Hot Chip'],Straight To The Morning,https://i.scdn.co/image/ab67616d00001e02c94f537342f7bf377c796d3e,All New Indie,Indie
77,['Sir Chloe'],Party Favors,https://i.scdn.co/image/ab67616d00001e02f6ab3aa52a1b776a859c9ec7,All New Indie,Indie
78,['Briston Maroney'],Freeway,https://i.scdn.co/image/ab67616d00001e02967c81d8e5318cd8b76cf164,All New Indie,Indie
79,['Postcard Boy'],Picture Book,https://i.scdn.co/image/ab67616d00001e026522d387bbe94a064fca44f1,All New Indie,Indie
80,['Jean Dawson'],Pixel Bath,https://i.scdn.co/image/ab67616d00001e02b111f0ccb858f42da1f91b8d,All New Indie,Indie
81,['Yb.'],Waiting,https://i.scdn.co/image/ab67616d00001e025dd8cc6b8d4e65d3ef0361b7,All New Indie,Indie
82,['beabadoobee'],Together,https://i.scdn.co/image/ab67616d00001e02521faa79bdde97ddb1186c6d,All New Indie,Indie
83,['James Blake'],Before,https://i.scdn.co/image/ab67616d00001e02bd24006fb195e4eba9b21ccc,All New Indie,Indie
84,['Rostam'],Unfold You,https://i.scdn.co/image/ab67616d00001e02511f04647b9792a9413e54c4,All New Indie,Indie
85,['The Marías'],Care For You,https://i.scdn.co/image/ab67616d00001e02373c9e163be5d2db58dd884c,All New Indie,Indie
86,"['Local Natives', 'Sharon Van Etten']",Lemon [Feat. Sharon Van Etten],https://i.scdn.co/image/ab67616d00001e027e03f3c0ed84e9db3e6e645b,All New Indie,Indie
87,['Benny Sings'],Rolled Up,https://i.scdn.co/image/ab67616d00001e029d420375e251ca42b3c405ba,All New Indie,Indie
88,['Lana Del Rey'],Let Me Love You Like A Woman,https://i.scdn.co/image/ab67616d00001e02ef0340bfdded1253a0531ee5,All New Indie,Indie
89,"['Omar Apollo', 'Ruel']",Want U Around (feat. Ruel),https://i.scdn.co/image/ab67616d00001e0280284eba2f5fa551388c33f8,All New Indie,Indie
90,['Cavetown'],Sharpener,https://i.scdn.co/image/ab67616d00001e02713dc18f90cb95d0c51c56a0,All New Indie,Indie
91,['Maxband'],Cut It Loose,https://i.scdn.co/image/ab67616d00001e02ad5b94df45e47e991e08edbf,All New Indie,Indie
92,['Vansire'],After Fillmore County,https://i.scdn.co/image/ab67616d00001e02b4920fd6677062b905d3bddc,All New Indie,Indie
93,['LAUREL'],Best I Ever Had,https://i.scdn.co/image/ab67616d00001e028c5c4c4e32f783cb8419111c,All New Indie,Indie
94,['Sharon Van Etten'],Let Go,https://i.scdn.co/image/ab67616d00001e026df37967b00448c798c0d504,All New Indie,Indie
95,['Claud'],Gold,https://i.scdn.co/image/ab67616d00001e02490552330cb8192f4e290a1d,All New Indie,Indie
96,['Kevin Morby'],Sundowner,https://i.scdn.co/image/ab67616d00001e021cd0b7f1cc030c9092b4eb40,All New Indie,Indie
97,['Sports'],Baby Baby,https://i.scdn.co/image/ab67616d00001e02809900676301a9ace2577d4e,All New Indie,Indie
98,['Future Islands'],As Long As You Are,https://i.scdn.co/image/ab67616d00001e0232a9e358861c77de96a9f9e4,All New Indie,Indie
99,['Sunset Rollercoaster'],Candlelight,https://i.scdn.co/image/ab67616d00001e022ecac835cb69cfce667e2ea2,All New Indie,Indie
0,"['Sam Feldt', 'ALMA', 'Digital Farm Animals']",Home Sweet Home (feat. ALMA & Digital Farm Animals),https://i.scdn.co/image/ab67616d00001e02e03efaf2e401a2fed3ccd888,Dance Rising,Dance
1,"['Route 94', 'L Devine']",Sad Songs (feat. L Devine),https://i.scdn.co/image/ab67616d00001e0216faab065323874331824083,Dance Rising,Dance
2,"['Tinlicker', 'Robert Miles']",Children,https://i.scdn.co/image/ab67616d00001e02df83c5ba9339787e0e8d9457,Dance Rising,Dance
3,"['David Guetta', 'MORTEN', 'Lovespeake']",Save My Life (feat. Lovespeake),https://i.scdn.co/image/ab67616d00001e025dc8f99db7b6ed419b35786a,Dance Rising,Dance
4,['Eric Prydz'],NOPUS,https://i.scdn.co/image/ab67616d00001e02315b9024c9326543b3526fa5,Dance Rising,Dance
5,"['Boye & Sigvardt', 'Kiesza']",The Feelings,https://i.scdn.co/image/ab67616d00001e02af755b3e4c07c0bd7d8d3041,Dance Rising,Dance
6,['Mat Zo'],Colours,https://i.scdn.co/image/ab67616d00001e02c3e9d03dfb43f69d0bae768f,Dance Rising,Dance
7,['Autograf'],The Ace Of You,https://i.scdn.co/image/ab67616d00001e021773f0b0bfacc1363fd81ba6,Dance Rising,Dance
8,"['Don Diablo', 'Imanbek', 'Trevor Daniel']",Kill Me Better,https://i.scdn.co/image/ab67616d00001e02028033d42eb227efdfc67565,Dance Rising,Dance
9,['Blinkie'],What You Want,https://i.scdn.co/image/ab67616d00001e026839d226c58bcfd293193f9a,Dance Rising,Dance
10,"['Bingo Players', 'Felguk', 'Fafaq']",Devotion (2020 Remix),https://i.scdn.co/image/ab67616d00001e02b45d76b1f922f79057664573,Dance Rising,Dance
11,['Sander van Doorn'],Temper Temper (feat. ONR),https://i.scdn.co/image/ab67616d00001e02a50b41464f8195cec4131652,Dance Rising,Dance
12,['Shermanology'],Bon Bini EP,https://i.scdn.co/image/ab67616d00001e0262617a263880ec7d2431cf2f,Dance Rising,Dance
13,"['Volkoder', 'Sam Supplier']",Tornado,https://i.scdn.co/image/ab67616d00001e026ba42eb18828e2b57cd03a60,Dance Rising,Dance
14,['SIDEPIECE'],Together,https://i.scdn.co/image/ab67616d00001e02ce89e28d6505ffc574dc9417,Dance Rising,Dance
15,['TELYKast'],Somebody New,https://i.scdn.co/image/ab67616d00001e02ab3f690859dbec24bcfc67c2,Dance Rising,Dance
16,['Lane 8'],Cross Pollination,https://i.scdn.co/image/ab67616d00001e028b30196bbda98bff4b039fc1,Dance Rising,Dance
17,"['Armin van Buuren', 'Jake Reese']",Need You Now,https://i.scdn.co/image/ab67616d00001e02d33f3a1a9b63b40c42db386f,Dance Rising,Dance
18,"['Hot Since 82', 'Rudimental']",Be Strong,https://i.scdn.co/image/ab67616d00001e029df9fbe03c4f5a9eb4249337,Dance Rising,Dance
19,['Loco Dice'],Ya Free,https://i.scdn.co/image/ab67616d00001e0212012cfd802f6b4588adefe5,Dance Rising,Dance
20,"['GAMPER & DADONI', 'ILIRA']",Rule The World (feat. ILIRA),https://i.scdn.co/image/ab67616d00001e02ca9f9672598db7b2d3e34182,Dance Rising,Dance
21,['Phantoms'],Moonlight,https://i.scdn.co/image/ab67616d00001e02e12588b33f4ebb33ca4c5d8b,Dance Rising,Dance
22,['Lastlings'],Out Of Touch,https://i.scdn.co/image/ab67616d00001e0226fb75eae5f77dcde0a0c9c9,Dance Rising,Dance
23,"['Kevin McKay', 'Milos Pesovic']",Work It,https://i.scdn.co/image/ab67616d00001e0281f646be419dec6134d38876,Dance Rising,Dance
24,"['Coco & Breezy', 'Dawn Richard']",U.,https://i.scdn.co/image/ab67616d00001e02a7d5ec53beda9b49ebc37833,Dance Rising,Dance
25,['LP Giobbi'],Playing My Role,https://i.scdn.co/image/ab67616d00001e0273342e769ddde0edcc7b3424,Dance Rising,Dance
26,['Tujamo'],Enough Of You,https://i.scdn.co/image/ab67616d00001e02434167c6d1a50e38614e40d4,Dance Rising,Dance
27,"['Besomorph', 'ÁSDÍS']",DNGRS,https://i.scdn.co/image/ab67616d00001e026299da2fc852436cceb57cc0,Dance Rising,Dance
28,['Lstn'],Floral Decor,https://i.scdn.co/image/ab67616d00001e02b074189ff33288aa06627205,Dance Rising,Dance
29,['Netsky'],Second Nature,https://i.scdn.co/image/ab67616d00001e0287e9ef0f7d94bb6b7c4a7e13,Dance Rising,Dance
30,['Lemon & Herb'],Aura,https://i.scdn.co/image/ab67616d00001e024b2eedf3d5b3c50e187fa4ff,Dance Rising,Dance
31,['Bassboy'],With Me,https://i.scdn.co/image/ab67616d00001e029f2729fd3c9c2f59a379d6c2,Dance Rising,Dance
32,"['Sick Individuals', 'Vigel', 'Nazzereene']",Runaway,https://i.scdn.co/image/ab67616d00001e026de33c1fa222e4159f3a9a1b,Dance Rising,Dance
33,"['Sleepwalkrs', 'MNEK']",More Than Words (feat. MNEK),https://i.scdn.co/image/ab67616d00001e021f041b928b0ceb4f1e165d4d,Dance Rising,Dance
34,"['Pink Sweat$', 'JIDDY']",Honesty (Jersey Club Remix),https://i.scdn.co/image/ab67616d00001e026d0c3f06028bfe85313418bf,Dance Rising,Dance
35,"['Steve Brian', 'Eric Lumiere']",Somebody,https://i.scdn.co/image/ab67616d00001e0245f0f9901ca25da212bfa1f7,Dance Rising,Dance
36,"['Tchami', 'Gunna']",Praise (feat. Gunna),https://i.scdn.co/image/ab67616d00001e027763ee6d7711eccc856045e3,Dance Rising,Dance
37,"['Monolink', 'Mathame']",Sinner (Mathame Remix),https://i.scdn.co/image/ab67616d00001e021ce6297721210736b1959148,Dance Rising,Dance
38,"['Jamie Jones', 'Nicole Moudaber']",Pepper Shake,https://i.scdn.co/image/ab67616d00001e0208bf6fbd1e8b209357c23a3f,Dance Rising,Dance
39,"['Taska Black', 'Emily Vaughn']",Easier,https://i.scdn.co/image/ab67616d00001e02989a3feec2923c1d76080f7d,Dance Rising,Dance
40,['HALIENE'],Walk Through Walls,https://i.scdn.co/image/ab67616d00001e0218eb2d64f8ca857241e21d65,Dance Rising,Dance
41,"['Kaskade', 'Project 46']",Chains Chilled (with Project 46),https://i.scdn.co/image/ab67616d00001e020b8ca30362518e636311dbba,Dance Rising,Dance
42,['Le Youth'],Underwater / Other Voices,https://i.scdn.co/image/ab67616d00001e02fdba6c2c180168fbe7ccbd45,Dance Rising,Dance
43,"['TSHA', 'Gabrielle Aplin']",Change,https://i.scdn.co/image/ab67616d00001e024adff5c22187f770614b8ad3,Dance Rising,Dance
44,['Blinkie'],What You Want / What You Do,https://i.scdn.co/image/ab67616d00001e02dd4fa23c6a3f1f19272405a6,Dance Rising,Dance
45,"['Inner City', 'Idris Elba', 'Kevin Saunderson']",We All Move Together (Kevin Saunderson x Latroit Remix),https://i.scdn.co/image/ab67616d00001e029b67031627cb5d7103a3f8b4,Dance Rising,Dance
46,['Niniola'],Colours and Sounds,https://i.scdn.co/image/ab67616d00001e02093399c24efc53339d81818e,Dance Rising,Dance
47,['Aviella'],Ain’t Too Late,https://i.scdn.co/image/ab67616d00001e02ba5c8ab3df6ffb8a8685be7c,Dance Rising,Dance
48,['DJ Sliink'],Money Mouth,https://i.scdn.co/image/ab67616d00001e023bb96335827287d9347ac7cb,Dance Rising,Dance
49,"['Ryan Shepherd', 'Caitlyn Scarlett']",Hello Sunday,https://i.scdn.co/image/ab67616d00001e02a2855667a8efe7f2ef967ff4,Dance Rising,Dance
50,['Lost Girl'],Lazy Love,https://i.scdn.co/image/ab67616d00001e02d737ad52ccc3e6e61737ed3b,Dance Rising,Dance
51,"['ILLENIUM', 'Angels & Airwaves', 'LUM!X']",Paper Thin (LUM!X Remix),https://i.scdn.co/image/ab67616d00001e02ecafda605be426086aeeac9f,Dance Rising,Dance
52,['Madeon'],The Prince,https://i.scdn.co/image/ab67616d00001e0218dfaad83b61579bdf6983d4,Dance Rising,Dance
53,['Endor'],Fur,https://i.scdn.co/image/ab67616d00001e029da4569b4d592caa593ccd05,Dance Rising,Dance
54,"['Syn Cole', 'Sarah Close']",Crawl,https://i.scdn.co/image/ab67616d00001e02604beb83fcbb835c3819965b,Dance Rising,Dance
55,"['Duck Sauce', 'A-Trak', 'Armand Van Helden']",Mesmerize,https://i.scdn.co/image/ab67616d00001e028f28a4f77f0fc762a67f95e8,Dance Rising,Dance
56,"['Todd Terry', 'Louie Vega']",Keep Pumping It Up,https://i.scdn.co/image/ab67616d00001e02adc2f940ef4e134106ed4f61,Dance Rising,Dance
57,"['FARR', 'Biscits']",Heal Me,https://i.scdn.co/image/ab67616d00001e02f1253227ffa296260fa17bff,Dance Rising,Dance
58,"['ARTY', 'Vion Konger']",Run Away,https://i.scdn.co/image/ab67616d00001e0230e19dc813ee97cbdb511300,Dance Rising,Dance
59,['Hollaphonic'],Together,https://i.scdn.co/image/ab67616d00001e02ddd54ad2c720b3ad0bb66203,Dance Rising,Dance
60,"['tyDi', 'Kundo', 'Naz Tokio']",Way Too Loud,https://i.scdn.co/image/ab67616d00001e02b2e2d3d2540952c37cfae857,Dance Rising,Dance
61,['Sunnery James & Ryan Marciano'],Sunnery James & Ryan Marciano present: The Tribe Vol. One,https://i.scdn.co/image/ab67616d00001e02e6e256e139e1a625d10b90c3,Dance Rising,Dance
62,"['BRONSON', 'Cassian']",KNOW ME (feat. Gallant) [Cassian Remix],https://i.scdn.co/image/ab67616d00001e0270b6c04b50d83de5be61265d,Dance Rising,Dance
63,['Whethan'],Fantasy,https://i.scdn.co/image/ab67616d00001e02808d80990a02b6dbfb09f8d3,Dance Rising,Dance
64,"['Yves V', 'FR!ES']",High Like This,https://i.scdn.co/image/ab67616d00001e0274d62d50b09efb48882419e9,Dance Rising,Dance
65,['Nicky Romero'],Nights With You,https://i.scdn.co/image/ab67616d00001e024c1f03e8509a22df8897a8c5,Dance Rising,Dance
66,"['Ummet Ozcan', 'Faustix']",Angry Kids,https://i.scdn.co/image/ab67616d00001e02eb1edc3e4bb0121992948017,Dance Rising,Dance
67,['Lucas & Steve'],Letters To Remember,https://i.scdn.co/image/ab67616d00001e027e957714488104947de6a5e8,Dance Rising,Dance
68,['MAKJ'],Green Light,https://i.scdn.co/image/ab67616d00001e0261f4492f6c6c713aca3fcf5d,Dance Rising,Dance
69,['TIBASKO'],Resistance,https://i.scdn.co/image/ab67616d00001e0202d6ef7a676cbea10fdbe241,Dance Rising,Dance
70,"['Drew North', 'Adam K']",Drew North,https://i.scdn.co/image/ab67616d00001e0207973df32b9a76cc0c2c9b41,Dance Rising,Dance
71,['Don Diablo'],Invincible,https://i.scdn.co/image/ab67616d00001e02adea62d9f70fe51435ecbf8b,Dance Rising,Dance
72,['Shimza'],Calling Out Your Name,https://i.scdn.co/image/ab67616d00001e0224134f733e5cdeb7d7635d1d,Dance Rising,Dance
73,"['Tiga', 'Hudson Mohawke']",VSOD (Velvet Sky of Dreams),https://i.scdn.co/image/ab67616d00001e02c23107cfb5bd22b3d362e0e4,Dance Rising,Dance
74,['KUURO'],Don't Stop,https://i.scdn.co/image/ab67616d00001e027176ca652e255a2cf83beca2,Dance Rising,Dance
75,['Zoe Wees'],Control (Remixes),https://i.scdn.co/image/ab67616d00001e025876905928c2a6241e3727a3,Dance Rising,Dance
76,"['TSHA', 'Gabrielle Aplin']",Change,https://i.scdn.co/image/ab67616d00001e024adff5c22187f770614b8ad3,Dance Rising,Dance
77,['Giolì & Assia'],Rollercoaster,https://i.scdn.co/image/ab67616d00001e029534593b59bc0cb159589051,Dance Rising,Dance
78,"['L.B. One', 'Datamotion', 'Perly I Lotry']",My Mother Told Me,https://i.scdn.co/image/ab67616d00001e02bb48e048dc9d4b40cf55cb16,Dance Rising,Dance
79,['Codeko'],Chance,https://i.scdn.co/image/ab67616d00001e020829621b425c44c6a36a4f5b,Dance Rising,Dance
80,"['Felguk', 'KVSH', 'Yass']",Rhythm of the Night,https://i.scdn.co/image/ab67616d00001e02a8e942219a74eb207f5dc04f,Dance Rising,Dance
81,['Silience'],I Don't Wanna Know,https://i.scdn.co/image/ab67616d00001e02b24ff8bbeb5e06e754f43e20,Dance Rising,Dance
82,"['Kito', 'ZHU', 'Jeremih']",Follow (with Jeremih) [Dillon Francis Remix],https://i.scdn.co/image/ab67616d00001e0267f4c672682eceb56f1b339c,Dance Rising,Dance
83,['Matt Nash'],You're Not Alone,https://i.scdn.co/image/ab67616d00001e02730bd45754ebd509113a6875,Dance Rising,Dance
84,"['Aly & Fila', 'Plumb']",Somebody Loves You,https://i.scdn.co/image/ab67616d00001e026038c03d0bb39a51e39e9a8f,Dance Rising,Dance
85,['Joe Killington'],Painkiller,https://i.scdn.co/image/ab67616d00001e0253db18f7772966ab1d33a3a4,Dance Rising,Dance
86,"['Kyle Watson', 'warner case']",I Don't Like Anyone,https://i.scdn.co/image/ab67616d00001e027cd8a3e51175bca17233ed37,Dance Rising,Dance
87,"['Valentino Khan', 'Sophia Black']",everybodysgonnawannadancewithme,https://i.scdn.co/image/ab67616d00001e02d3572c79016069d1d9c17b66,Dance Rising,Dance
88,['Elohim'],Good Day Bad Day,https://i.scdn.co/image/ab67616d00001e0271631a73c2ca7f27294e701e,Dance Rising,Dance
89,['Ben Böhmer'],Cappadocia,https://i.scdn.co/image/ab67616d00001e02c4cb9907644c955b6328568e,Dance Rising,Dance
90,['Vin Diesel'],Feel Like I Do,https://i.scdn.co/image/ab67616d00001e026e600bedb9ee8ff87a003bea,Dance Rising,Dance
91,"['Sansixto', 'Castion']",See the World,https://i.scdn.co/image/ab67616d00001e027ab816a07f5c5ab187d42698,Dance Rising,Dance
92,['Sheeqo Beat'],Turn On the Bass,https://i.scdn.co/image/ab67616d00001e029053d50645708d5d9ae196b5,Dance Rising,Dance
93,"['Steve Aoki', 'KREAM']",LIES,https://i.scdn.co/image/ab67616d00001e02af0fd3ad15895758568a4d90,Dance Rising,Dance
94,"['Lucas & Steve', 'Alida']",Another Life (feat. Alida),https://i.scdn.co/image/ab67616d00001e025b6ad55d3ebb8358fff7b3e0,Dance Rising,Dance
95,['Mike Perry'],By Your Side,https://i.scdn.co/image/ab67616d00001e02301db1e186a387ba48207115,Dance Rising,Dance
96,['Mary Mesk'],Artemi,https://i.scdn.co/image/ab67616d00001e024dc386c8970a356b9b0b0fbf,Dance Rising,Dance
97,['Krystal Roxx'],WAIT,https://i.scdn.co/image/ab67616d00001e02f3681cd9a8b433df719199a0,Dance Rising,Dance
98,['EDX'],Indian Summer,https://i.scdn.co/image/ab67616d00001e021ecf55a92506d472672fd6aa,Dance Rising,Dance
99,['Herc Deeman'],House or Techno,https://i.scdn.co/image/ab67616d00001e02c64a475e7831d2075b75e4ad,Dance Rising,Dance
0,['Led Zeppelin'],Led Zeppelin II (1994 Remaster),https://i.scdn.co/image/ab67616d00001e02fc4f17340773c6c3579fea0d,Rock Classics,Rock
1,['Jimi Hendrix'],Electric Ladyland,https://i.scdn.co/image/ab67616d00001e02522088789d49e216d9818292,Rock Classics,Rock
2,['AC/DC'],Back In Black,https://i.scdn.co/image/ab67616d00001e020b51f8d91f3a21e8426361ae,Rock Classics,Rock
3,['The Rolling Stones'],The Rolling Stones In Mono (Remastered 2016),https://i.scdn.co/image/ab67616d00001e028d1570a03b9354518f0b618b,Rock Classics,Rock
4,['David Bowie'],Diamond Dogs (30th Anniversary),https://i.scdn.co/image/ab67616d00001e021dfb1645591b74f5d59c66be,Rock Classics,Rock
5,['The Beatles'],Abbey Road (Remastered),https://i.scdn.co/image/ab67616d00001e02dc30583ba717007b00cceb25,Rock Classics,Rock
6,['The Clash'],Combat Rock (Remastered),https://i.scdn.co/image/ab67616d00001e0225a4df452a3c42ccc2e9288b,Rock Classics,Rock
7,['The Who'],Who's Next (Deluxe Edition),https://i.scdn.co/image/ab67616d00001e0297922197e10d2a8dcb40eacf,Rock Classics,Rock
8,['Aerosmith'],Toys In The Attic,https://i.scdn.co/image/ab67616d00001e029662c6535fb4bf5767e50f32,Rock Classics,Rock
9,['Queen'],The Game (Deluxe Remastered Version),https://i.scdn.co/image/ab67616d00001e0207744e2ed983efa3e6620a47,Rock Classics,Rock
10,['The Doors'],The Doors,https://i.scdn.co/image/ab67616d00001e025b96a8c5d61be8878452f8f1,Rock Classics,Rock
11,['ZZ Top'],Tres Hombres (Expanded 2006 Remaster),https://i.scdn.co/image/ab67616d00001e020fe2ec86a0ec561ef2e2aae1,Rock Classics,Rock
12,['Tom Petty and the Heartbreakers'],Tom Petty & The Heartbreakers,https://i.scdn.co/image/ab67616d00001e027e42a53ea7f2ad4f36ab23a5,Rock Classics,Rock
13,"[""Guns N' Roses""]",Appetite For Destruction,https://i.scdn.co/image/ab67616d00001e0268384dd85fd5e95831252f60,Rock Classics,Rock
14,['The Animals'],The Best Of The Animals,https://i.scdn.co/image/ab67616d00001e023748833f246466f02d2d4fc3,Rock Classics,Rock
15,['Bob Dylan'],Highway 61 Revisited,https://i.scdn.co/image/ab67616d00001e02540a241e3001ddc276b9ab93,Rock Classics,Rock
16,['Cream'],Disraeli Gears (Deluxe Edition),https://i.scdn.co/image/ab67616d00001e02db1fb2dede292908e86d94d7,Rock Classics,Rock
17,['Lynyrd Skynyrd'],Second Helping,https://i.scdn.co/image/ab67616d00001e02bb1c0f2bc558a761eb2d7217,Rock Classics,Rock
18,['Creedence Clearwater Revival'],Willy And The Poor Boys,https://i.scdn.co/image/ab67616d00001e029f39192f9f8ca1c90847b3e5,Rock Classics,Rock
19,['Pink Floyd'],The Wall,https://i.scdn.co/image/ab67616d00001e02288d32d88a616b9a278ddc07,Rock Classics,Rock
20,['Fleetwood Mac'],Rumours,https://i.scdn.co/image/ab67616d00001e025e66bc0df2bd18e746dbb823,Rock Classics,Rock
21,['Janis Joplin'],Pearl (Legacy Edition),https://i.scdn.co/image/ab67616d00001e026f8c26346723dd0531696bed,Rock Classics,Rock
22,['Eagles'],Hotel California (2013 Remaster),https://i.scdn.co/image/ab67616d00001e024637341b9f507521afa9a778,Rock Classics,Rock
23,['Steve Miller Band'],The Joker,https://i.scdn.co/image/ab67616d00001e0275da4b79907852f0c5d0cd9e,Rock Classics,Rock
24,['Steppenwolf'],Steppenwolf,https://i.scdn.co/image/ab67616d00001e02ec7e2c5c7ecd29301f1c4b93,Rock Classics,Rock
25,['Buffalo Springfield'],Buffalo Springfield,https://i.scdn.co/image/ab67616d00001e02d231bd1716b71b6444e25f89,Rock Classics,Rock
26,['Boston'],Boston,https://i.scdn.co/image/ab67616d00001e02cbdeb4ed581e56ac25609357,Rock Classics,Rock
27,['Dire Straits'],Dire Straits,https://i.scdn.co/image/ab67616d00001e02c5a897378c8caf5cd11935a6,Rock Classics,Rock
28,['Jefferson Airplane'],Surrealistic Pillow,https://i.scdn.co/image/ab67616d00001e022dac7a01676ddb36c1d0ec05,Rock Classics,Rock
29,['Lou Reed'],Transformer,https://i.scdn.co/image/ab67616d00001e02d55149748dca0e5a1f40778e,Rock Classics,Rock
30,['KISS'],Dressed To Kill,https://i.scdn.co/image/ab67616d00001e0265a7b0a6969f0efcde4b5aca,Rock Classics,Rock
31,['Rush'],Moving Pictures (2011 Remaster),https://i.scdn.co/image/ab67616d00001e0272833c1ae3343cbfb4617073,Rock Classics,Rock
32,['Queen'],Greatest Hits II,https://i.scdn.co/image/ab67616d00001e02c12b6aa3d50150032e455286,Rock Classics,Rock
33,['Prince'],Purple Rain,https://i.scdn.co/image/ab67616d00001e02d52bfb90ee8dfeda8378b99b,Rock Classics,Rock
34,['The Police'],Synchronicity,https://i.scdn.co/image/ab67616d00001e02e7b53d0f9fb616521cdbfc03,Rock Classics,Rock
35,['Blue Öyster Cult'],Agents Of Fortune,https://i.scdn.co/image/ab67616d00001e023ac318439ae56ce048d7bf5d,Rock Classics,Rock
36,['America'],America,https://i.scdn.co/image/ab67616d00001e02afb855e6461310dff4046c56,Rock Classics,Rock
37,['Elton John'],Honky Chateau,https://i.scdn.co/image/ab67616d00001e023009007708ab5134936a58b3,Rock Classics,Rock
38,['Cheap Trick'],In Color,https://i.scdn.co/image/ab67616d00001e0257a0bca6d7da93cd0c551f6a,Rock Classics,Rock
39,['Led Zeppelin'],Physical Graffiti (Deluxe Edition),https://i.scdn.co/image/ab67616d00001e02765b0617b572bdd1dbdc7d8e,Rock Classics,Rock
40,['Aerosmith'],Aerosmith,https://i.scdn.co/image/ab67616d00001e02b11078ee23dcd99e085ac33e,Rock Classics,Rock
41,['AC/DC'],Highway to Hell,https://i.scdn.co/image/ab67616d00001e0251c02a77d09dfcd53c8676d0,Rock Classics,Rock
42,['Stevie Nicks'],Bella Donna (Deluxe Edition),https://i.scdn.co/image/ab67616d00001e020c5127071182a8dd9afcdcf8,Rock Classics,Rock
43,['Joan Jett & The Blackhearts'],Up Your Alley,https://i.scdn.co/image/ab67616d00001e025007b18ab5bd6a417ffa014f,Rock Classics,Rock
44,['Queen'],A Night At The Opera (2011 Remaster),https://i.scdn.co/image/ab67616d00001e02a461aa96bd9a8fcd0a492aee,Rock Classics,Rock
45,['Cream'],Wheels Of Fire (Remastered),https://i.scdn.co/image/ab67616d00001e02a3fe725af4ddc7e2745b0603,Rock Classics,Rock
46,['John Fogerty'],The Long Road Home - The Ultimate John Fogerty / Creedence Collection,https://i.scdn.co/image/ab67616d00001e02243de310ae08381dae39201f,Rock Classics,Rock
47,['Derek & The Dominos'],Layla And Other Assorted Love Songs (40th Anniversary / 2010 Remastered),https://i.scdn.co/image/ab67616d00001e02e10d2a668a44f13c6e550034,Rock Classics,Rock
48,['Don McLean'],American Pie,https://i.scdn.co/image/ab67616d00001e020085dd4362653ef4c54ebbeb,Rock Classics,Rock
49,['Bob Dylan'],Desire,https://i.scdn.co/image/ab67616d00001e028e1a23e42f68260b7b274e09,Rock Classics,Rock
50,['Black Sabbath'],Greatest Hits,https://i.scdn.co/image/ab67616d00001e02a1137c6987b2d8031f5635cd,Rock Classics,Rock
51,['Deep Purple'],Machine Head,https://i.scdn.co/image/ab67616d00001e02bc9b44e950d5440ff65ea926,Rock Classics,Rock
52,['T. Rex'],Electric Warrior [Expanded & Remastered],https://i.scdn.co/image/ab67616d00001e023de986212b8956adccc69f47,Rock Classics,Rock
53,['The Knack'],Get The Knack,https://i.scdn.co/image/ab67616d00001e02af6b486fa0a2959f79c8acd8,Rock Classics,Rock
54,['The Byrds'],Turn! Turn! Turn!,https://i.scdn.co/image/ab67616d00001e028ebc5d5d4fcf960b083af081,Rock Classics,Rock
55,['Grateful Dead'],Workingman's Dead,https://i.scdn.co/image/ab67616d00001e024d3659e33c2d63d5b54d1f2c,Rock Classics,Rock
56,['Led Zeppelin'],Led Zeppelin III (Remaster),https://i.scdn.co/image/ab67616d00001e0290a50cfe99a4c19ff3cbfbdb,Rock Classics,Rock
57,['AC/DC'],Dirty Deeds Done Dirt Cheap,https://i.scdn.co/image/ab67616d00001e0268b03027356fb05501948f62,Rock Classics,Rock
58,['Van Halen'],1984 (Remastered),https://i.scdn.co/image/ab67616d00001e0255edae0d1a09c0f90351a0a7,Rock Classics,Rock
59,['Mötley Crüe'],Dr. Feelgood,https://i.scdn.co/image/ab67616d00001e027bbaa91ad1135a89329f2960,Rock Classics,Rock
60,['Journey'],Escape,https://i.scdn.co/image/ab67616d00001e028025ee6a56135658799b07ba,Rock Classics,Rock
61,['Bruce Springsteen'],Born In The U.S.A.,https://i.scdn.co/image/ab67616d00001e02a7865e686c36a4adda6c9978,Rock Classics,Rock
62,['Depeche Mode'],Personal Jesus,https://i.scdn.co/image/ab67616d00001e02b65cdc085ef62773e5b20b89,Rock Classics,Rock
63,['The Clash'],London Calling (Remastered),https://i.scdn.co/image/ab67616d00001e02cd9d8bc9ef04014b6e90e182,Rock Classics,Rock
64,['Kansas'],Leftoverture (Expanded Edition),https://i.scdn.co/image/ab67616d00001e021be40e44db112e123e5e8b51,Rock Classics,Rock
65,['Creedence Clearwater Revival'],Pendulum (40th Anniversary Edition),https://i.scdn.co/image/ab67616d00001e0251f311c2fb06ad2789e3ff91,Rock Classics,Rock
66,['The Beatles'],Back In The U.S.S.R.,https://i.scdn.co/image/ab67616d00001e024096037da88fee3f94aea1d0,Rock Classics,Rock
67,['The Kinks'],Kinks (Super Deluxe Edition),https://i.scdn.co/image/ab67616d00001e0247d5d5278df9f9475f639759,Rock Classics,Rock
68,['Pretenders'],Learning to Crawl (Expanded & Remastered),https://i.scdn.co/image/ab67616d00001e025436a01d3b621036889cffe6,Rock Classics,Rock
69,['Supertramp'],Even In The Quietest Moments,https://i.scdn.co/image/ab67616d00001e02bddcc30c6a3288e725aec2df,Rock Classics,Rock
70,['The Doors'],L.A. Woman,https://i.scdn.co/image/ab67616d00001e02983013ee59cd4bdda7c201f2,Rock Classics,Rock
71,"[""Guns N' Roses""]",Appetite For Destruction,https://i.scdn.co/image/ab67616d00001e0268384dd85fd5e95831252f60,Rock Classics,Rock
72,['Tom Petty'],Full Moon Fever,https://i.scdn.co/image/ab67616d00001e0236572e6726714544f5bed456,Rock Classics,Rock
73,['Ozzy Osbourne'],Blizzard of Ozz (Expanded Edition),https://i.scdn.co/image/ab67616d00001e025776e18c520194c48d92815b,Rock Classics,Rock
74,['The Rolling Stones'],Out Of Our Heads,https://i.scdn.co/image/ab67616d00001e0205c5be85b64eaff732f7cb0b,Rock Classics,Rock
75,['Heart'],Little Queen,https://i.scdn.co/image/ab67616d00001e02546d1165b994a8b3449b8cd7,Rock Classics,Rock
76,['Kansas'],Point Of Know Return (Expanded Edition),https://i.scdn.co/image/ab67616d00001e0259f0f56a7cd13526b5b4204c,Rock Classics,Rock
77,['Aerosmith'],Aerosmith's Greatest Hits,https://i.scdn.co/image/ab67616d00001e02cd8330aea6549a0d6207e22d,Rock Classics,Rock
78,['Bad Company'],Straight Shooter,https://i.scdn.co/image/ab67616d00001e029baa3a2390773faeca065aa8,Rock Classics,Rock
79,['Ted Nugent'],Ted Nugent,https://i.scdn.co/image/ab67616d00001e02de2a7bf50b6f6c7a1e7e0dee,Rock Classics,Rock
80,['AC/DC'],High Voltage,https://i.scdn.co/image/ab67616d00001e02286a0837ff3424065a735e0a,Rock Classics,Rock
81,['Bon Jovi'],Slippery When Wet,https://i.scdn.co/image/ab67616d00001e02ebfe4419da90f76a5b278564,Rock Classics,Rock
82,['The Hollies'],Distant Light (1999 Remaster),https://i.scdn.co/image/ab67616d00001e02eaaa0a2a94066c69ed93d4ab,Rock Classics,Rock
83,['Eagles'],Hotel California (2013 Remaster),https://i.scdn.co/image/ab67616d00001e024637341b9f507521afa9a778,Rock Classics,Rock
84,['The Rolling Stones'],Let It Bleed,https://i.scdn.co/image/ab67616d00001e0273d92707b0e7da0c493f5b86,Rock Classics,Rock
85,['Free'],Fire And Water (Deluxe Edition),https://i.scdn.co/image/ab67616d00001e025c07f5051c1df938e9d1f00c,Rock Classics,Rock
86,['Lynyrd Skynyrd'],(Pronounced 'Leh-'Nérd 'Skin-'Nérd) [Expanded Edition],https://i.scdn.co/image/ab67616d00001e021f43eaa3c2a3188eb28dba82,Rock Classics,Rock
87,['AC/DC'],Back In Black,https://i.scdn.co/image/ab67616d00001e020b51f8d91f3a21e8426361ae,Rock Classics,Rock
88,['Pink Floyd'],The Dark Side Of The Moon (2011 Remastered Version),https://i.scdn.co/image/ab67616d00001e0205d4eec40a828850aa8cd2f7,Rock Classics,Rock
89,"[""Guns N' Roses""]",Greatest Hits,https://i.scdn.co/image/ab67616d00001e024e04404c40be7b80855656a8,Rock Classics,Rock
90,['David Bowie'],Let's Dance (1999 Remaster),https://i.scdn.co/image/ab67616d00001e024b4cc5866bd793ab9caa8bb5,Rock Classics,Rock
91,['Cream'],Disraeli Gears (Deluxe Edition),https://i.scdn.co/image/ab67616d00001e029d51d7681881215f856b6d73,Rock Classics,Rock
92,['Queen'],News Of The World (Deluxe Remastered Version),https://i.scdn.co/image/ab67616d00001e0293c65b02f4a72cd6eccf446d,Rock Classics,Rock
93,['The Who'],Tommy (Remastered 2013 Super Deluxe Edition),https://i.scdn.co/image/ab67616d00001e0230215bc346030f1766361326,Rock Classics,Rock
94,['The Rolling Stones'],Some Girls,https://i.scdn.co/image/ab67616d00001e02c1ce989bbc5d18e4a11f3351,Rock Classics,Rock
95,['Talking Heads'],Remain in Light (Deluxe Version),https://i.scdn.co/image/ab67616d00001e02e56fa8c916dc6ce419dcf557,Rock Classics,Rock
96,['Boston'],Boston,https://i.scdn.co/image/ab67616d00001e02cbdeb4ed581e56ac25609357,Rock Classics,Rock
97,['Black Sabbath'],Paranoid (Remaster),https://i.scdn.co/image/ab67616d00001e02d5fccf9ce08b6a1e7d12a222,Rock Classics,Rock
98,['The Doobie Brothers'],Toulouse Street,https://i.scdn.co/image/ab67616d00001e026f4433e965a9ee12556ecd12,Rock Classics,Rock
99,['The Rolling Stones'],Sticky Fingers (Remastered),https://i.scdn.co/image/ab67616d00001e02a1d9c9969f2a7ed27e449a3c,Rock Classics,Rock
0,"['Marvin Gaye', 'Tammi Terrell']",United,https://i.scdn.co/image/ab67616d00001e0296e0b7befe3ba88f5a7d5a3f,Uplifting Soul Classics,Soul
1,['Sam Cooke'],The Man Who Invented Soul,https://i.scdn.co/image/ab67616d00001e02cdea00c6905f588e1f72ccad,Uplifting Soul Classics,Soul
2,['The Temptations'],The Temptations Sing Smokey,https://i.scdn.co/image/ab67616d00001e0229b5c592db812fb819f605a3,Uplifting Soul Classics,Soul
3,['Michael Jackson'],Off the Wall,https://i.scdn.co/image/ab67616d00001e027027294551db4fda68b5ddac,Uplifting Soul Classics,Soul
4,['Sam Cooke'],Portrait of a Legend (Remastered),https://i.scdn.co/image/ab67616d00001e02a08d0fa95bf122b9a7e04570,Uplifting Soul Classics,Soul
5,['The Marvelettes'],Please Mr. Postman,https://i.scdn.co/image/ab67616d00001e02b09726365de485ac0fe0202f,Uplifting Soul Classics,Soul
6,['Harold Melvin & The Blue Notes'],Wake Up Everybody,https://i.scdn.co/image/ab67616d00001e029fa452874e7c029a8acc258f,Uplifting Soul Classics,Soul
7,"[""The O'Jays""]",Ship Ahoy (Expanded Edition),https://i.scdn.co/image/ab67616d00001e025abd0f3ff2e38c5a73afbab6,Uplifting Soul Classics,Soul
8,['Bill Withers'],Still Bill,https://i.scdn.co/image/ab67616d00001e020cd5ffcf1660e72473be4e7c,Uplifting Soul Classics,Soul
9,['The Spinners'],Definitive Soul: Spinners,https://i.scdn.co/image/ab67616d00001e02a9b4fcafc210e7745ddd0f38,Uplifting Soul Classics,Soul
10,['Odyssey'],I Got the Melody (Expanded Edition),https://i.scdn.co/image/ab67616d00001e02010ecd0b1a0141ed97f908ee,Uplifting Soul Classics,Soul
11,['Al Green'],Let's Stay Together,https://i.scdn.co/image/ab67616d00001e022c3ecdbc368a97ad038f640c,Uplifting Soul Classics,Soul
12,['Various Artists'],Footloose (15th Anniversary Collectors' Edition),https://i.scdn.co/image/ab67616d00001e023b7492bb678d5d51683444ae,Uplifting Soul Classics,Soul
13,['Chaka Khan'],Chaka,https://i.scdn.co/image/ab67616d00001e02057f5056cf8b5c20bf4173fb,Uplifting Soul Classics,Soul
14,['Bill Withers'],Lean on Me: The Best of Bill Withers,https://i.scdn.co/image/ab67616d00001e02f8560af696925c50080dcc35,Uplifting Soul Classics,Soul
15,['Melba Moore'],This Is It (Expanded Edition),https://i.scdn.co/image/ab67616d00001e02f55932696bfe3235cd1cf092,Uplifting Soul Classics,Soul
16,['Curtis Mayfield'],Move on Up,https://i.scdn.co/image/ab67616d00001e02b97b45e7885537d42ed46cdf,Uplifting Soul Classics,Soul
17,['Ben E. King'],Don't Play That Song (Mono),https://i.scdn.co/image/ab67616d00001e021813ea8f590a0aab2820f922,Uplifting Soul Classics,Soul
18,['Gladys Knight & The Pips'],Imagination (Expanded Edition),https://i.scdn.co/image/ab67616d00001e02f9c903069dab033b532c4f7a,Uplifting Soul Classics,Soul
19,"['Earth, Wind & Fire']",The Eternal Dance,https://i.scdn.co/image/ab67616d00001e02af0d466d16c97b6385219d90,Uplifting Soul Classics,Soul
20,['Various Artists'],80s Soul (International Version),https://i.scdn.co/image/ab67616d00001e025bd4875fea21e8f2819835d0,Uplifting Soul Classics,Soul
21,['Sly & The Family Stone'],The Essential Sly & The Family Stone,https://i.scdn.co/image/ab67616d00001e02a932a93e237fa63a67b7c781,Uplifting Soul Classics,Soul
22,['Four Tops'],Four Tops Second Album,https://i.scdn.co/image/ab67616d00001e02c0fa62ae53b2aeae3766f13d,Uplifting Soul Classics,Soul
23,['Various Artists'],Semi-Pro - Original Motion Picture Soundtrack,https://i.scdn.co/image/ab67616d00001e02f8fa7de2c9d2502d77988cd2,Uplifting Soul Classics,Soul
24,['Various Artists'],Motown 1970s Vol. 1,https://i.scdn.co/image/ab67616d00001e027c1f37586de41f4fe30f1769,Uplifting Soul Classics,Soul
25,['Otis Redding'],Pain in My Heart,https://i.scdn.co/image/ab67616d00001e02cd404b5ae961b29d83f17c1f,Uplifting Soul Classics,Soul
26,['The Elgins'],The Motown Anthology,https://i.scdn.co/image/ab67616d00001e029657d3c7b5d1170fe2879693,Uplifting Soul Classics,Soul
27,['Elton John'],Are You Ready For Love?,https://i.scdn.co/image/ab67616d00001e02cc19d60e704fad8a762df971,Uplifting Soul Classics,Soul
28,['Toploader'],Dancing In The Moonlight: The Best Of Toploader,https://i.scdn.co/image/ab67616d00001e02a3ebdfcbd1a5336b2920b699,Uplifting Soul Classics,Soul
29,['Bobby Hebb'],Sunny,https://i.scdn.co/image/ab67616d00001e02104dd939c10a2ef4fde1f1df,Uplifting Soul Classics,Soul
30,['Various Artists'],"Atlantic 60th: Soul, Sweat And Strut",https://i.scdn.co/image/ab67616d00001e025806b30c83d4107565027746,Uplifting Soul Classics,Soul
31,['Etta James'],At Last!,https://i.scdn.co/image/ab67616d00001e02b2229a8fdf377abaf3652624,Uplifting Soul Classics,Soul
32,['Michael Jackson'],The Essential Michael Jackson,https://i.scdn.co/image/ab67616d00001e02ed1c305cd1e673fe925407ce,Uplifting Soul Classics,Soul
33,"['Marvin Gaye', 'Kim Weston']",Take Two,https://i.scdn.co/image/ab67616d00001e0220348a11890200cfec8f0592,Uplifting Soul Classics,Soul
34,"['Earth, Wind & Fire']","The Best Of Earth, Wind & Fire Vol. 1",https://i.scdn.co/image/ab67616d00001e02587d2127f6fa5a9786480d36,Uplifting Soul Classics,Soul
35,['Martha Reeves & The Vandellas'],Dance Party,https://i.scdn.co/image/ab67616d00001e02fc466e0c9ac165ac85ddbedf,Uplifting Soul Classics,Soul
36,['Stevie Wonder'],Talking Book,https://i.scdn.co/image/ab67616d00001e02a14b08b9a6616e121df5e8b0,Uplifting Soul Classics,Soul
37,['The Supremes'],Favorites,https://i.scdn.co/image/ab67616d00001e02e6bee0d562bda5b6237996f8,Uplifting Soul Classics,Soul
38,['The Spinners'],The Rubberband Man / Now That We're Together [Digital 45],https://i.scdn.co/image/ab67616d00001e02d390959718fdaab2d460f705,Uplifting Soul Classics,Soul
39,['Billy Paul'],360 Degrees Of Billy Paul,https://i.scdn.co/image/ab67616d00001e02fba4ccdae3e1de7b926f70db,Uplifting Soul Classics,Soul
40,['Stevie Wonder'],Songs In The Key Of Life,https://i.scdn.co/image/ab67616d00001e02492e424606db3574bf2d8823,Uplifting Soul Classics,Soul
41,['Blue Swede'],Hooked On A Feeling,https://i.scdn.co/image/ab67616d00001e02b2439940aedd2801c9ae2e5b,Uplifting Soul Classics,Soul
42,['Original Soundtrack'],Riding In Cars With Boys - Music From The Motion Picture,https://i.scdn.co/image/ab67616d00001e0268ec60ca9113bc12c3cd30f0,Uplifting Soul Classics,Soul
43,['Aretha Franklin'],I Never Loved a Man the Way I Love You,https://i.scdn.co/image/ab67616d00001e026aa9314b7ddfbd8f036ba3ac,Uplifting Soul Classics,Soul
44,['The Pointer Sisters'],So Excited! (Expanded Edition),https://i.scdn.co/image/ab67616d00001e024650ca0a8f88129d4667acc5,Uplifting Soul Classics,Soul
45,['Katrina & The Waves'],Katrina & The Waves,https://i.scdn.co/image/ab67616d00001e02eafaf556eda644a745d0144d,Uplifting Soul Classics,Soul
46,['Pharrell Williams'],G I R L,https://i.scdn.co/image/ab67616d00001e02e8107e6d9214baa81bb79bba,Uplifting Soul Classics,Soul
47,['George Michael'],Listen Without Prejudice / MTV Unplugged (Deluxe),https://i.scdn.co/image/ab67616d00001e0229c1c454ed1b2acfa64dc37f,Uplifting Soul Classics,Soul
48,['Aretha Franklin'],Aretha Now,https://i.scdn.co/image/ab67616d00001e0246c31f64babcbfca6e061b6b,Uplifting Soul Classics,Soul
49,['Aretha Franklin'],Aretha Now,https://i.scdn.co/image/ab67616d00001e0246c31f64babcbfca6e061b6b,Uplifting Soul Classics,Soul
0,['Chris Stapleton'],Starting Over,https://i.scdn.co/image/ab67616d00001e02d7d74af20c3a7ac6a0b7a60b,Hot Country,County
1,['Ryan Hurd'],Every Other Memory,https://i.scdn.co/image/ab67616d00001e0249664e38e8c90c5174ad8a01,Hot Country,County
2,['High Valley'],Grew Up On That,https://i.scdn.co/image/ab67616d00001e025ab82c12f36b8b4c7d7a55a8,Hot Country,County
3,['Russell Dickerson'],Love You Like I Used To,https://i.scdn.co/image/ab67616d00001e020610a7b20b59754022db05ec,Hot Country,County
4,['Jon Pardi'],Heartache Medication,https://i.scdn.co/image/ab67616d00001e02117a6a747c6495766b29a663,Hot Country,County
5,['Mitchell Tenpenny'],Broken Up,https://i.scdn.co/image/ab67616d00001e0282407eac3aea4e35ddd4583a,Hot Country,County
6,['Kenny Chesney'],Here And Now,https://i.scdn.co/image/ab67616d00001e0239c34094769610e64faedcdf,Hot Country,County
7,['Sam Grow'],Song About You,https://i.scdn.co/image/ab67616d00001e0262979913f8a63ad71f9f96f2,Hot Country,County
8,['A Thousand Horses'],A Song to Remember,https://i.scdn.co/image/ab67616d00001e0259916e8c02386a713e3f42b4,Hot Country,County
9,['Miranda Lambert'],Wildcard,https://i.scdn.co/image/ab67616d00001e02753e552f06e10a4987ea455b,Hot Country,County
10,['Cole Swindell'],Single Saturday Night,https://i.scdn.co/image/ab67616d00001e029a65bca0922da37bd78a6d07,Hot Country,County
11,['Parker McCollum'],Pretty Heart,https://i.scdn.co/image/ab67616d00001e02f23270068f04378bfadd4075,Hot Country,County
12,['Dan + Shay'],I Should Probably Go To Bed,https://i.scdn.co/image/ab67616d00001e026d5aaf43bfd55619bb3988a8,Hot Country,County
13,['Josh Kerr'],Thought This Through,https://i.scdn.co/image/ab67616d00001e02d9f323d8b361226f4a601067,Hot Country,County
14,['Luke Combs'],What You See Is What You Get,https://i.scdn.co/image/ab67616d00001e02429d8ec28f865acf2a927c2d,Hot Country,County
15,['Old Dominion'],Old Dominion,https://i.scdn.co/image/ab67616d00001e025d76d260bbb9e3e5abe08bc2,Hot Country,County
16,"['Kane Brown', 'Swae Lee', 'Khalid']",Be Like That (feat. Swae Lee & Khalid),https://i.scdn.co/image/ab67616d00001e02b670be86ddfa9d49caa56971,Hot Country,County
17,['Waterloo Revival'],Something You Ain't Ever Had,https://i.scdn.co/image/ab67616d00001e02232767c45a2e6a6fb8f80404,Hot Country,County
18,['Lindsay Ell'],wAnt me back,https://i.scdn.co/image/ab67616d00001e023a8d7979466036604e4649e5,Hot Country,County
19,['Nate Smith'],Wildfire,https://i.scdn.co/image/ab67616d00001e02842fa01011034ec89143e9c3,Hot Country,County
20,['Levi Hummon'],Good Taste,https://i.scdn.co/image/ab67616d00001e029d49665187394fa885450cad,Hot Country,County
21,['Lee Brice'],One Of Them Girls,https://i.scdn.co/image/ab67616d00001e026a99bcdc692c0dbd7ef7c578,Hot Country,County
22,['Chris Lane'],"Big, Big Plans",https://i.scdn.co/image/ab67616d00001e0234d5462d7bb2f5ee4ee5aee1,Hot Country,County
23,['Kane Brown'],Mixtape Vol. 1 - EP,https://i.scdn.co/image/ab67616d00001e02da0fbf5a54052f21c8499556,Hot Country,County
24,['Spencer Crandall'],East,https://i.scdn.co/image/ab67616d00001e0298a00fa33c2bb7c53fddc4d9,Hot Country,County
25,['Lainey Wilson'],Redneck Hollywood,https://i.scdn.co/image/ab67616d00001e02c762b631c536a66932e33f4f,Hot Country,County
26,['Carly Pearce'],Next Girl,https://i.scdn.co/image/ab67616d00001e02e2678fdf05e5e9b0d329a804,Hot Country,County
27,['Morgan Wallen'],More Than My Hometown,https://i.scdn.co/image/ab67616d00001e02d630dbe9cbf7ad80807ffdfe,Hot Country,County
28,['Lee Brice'],Memory I Don't Mess With,https://i.scdn.co/image/ab67616d00001e020fbe95389a60aef9f12676ab,Hot Country,County
29,['Kameron Marlowe'],Burn 'Em All,https://i.scdn.co/image/ab67616d00001e029373be533b1a88ddc0c969d0,Hot Country,County
30,['Luke Combs'],What You See Ain't Always What You Get (Deluxe Edition),https://i.scdn.co/image/ab67616d00001e02433fa8ed8901569b606a715e,Hot Country,County
31,['Jason Aldean'],9,https://i.scdn.co/image/ab67616d00001e02472f53f91497f83012d15b84,Hot Country,County
32,"['Keith Urban', 'P!nk']",One Too Many,https://i.scdn.co/image/ab67616d00001e02f2a428f109f825ec22c64656,Hot Country,County
33,['Filmore'],State I'm In,https://i.scdn.co/image/ab67616d00001e0211a740aec842ebd4d4aa7adc,Hot Country,County
34,['Morgan Wallen'],7 Summers,https://i.scdn.co/image/ab67616d00001e02a09f5b26fa66619d3361c422,Hot Country,County
35,['Lady A'],Champagne Night (From Songland),https://i.scdn.co/image/ab67616d00001e02763ba955f911e97026452467,Hot Country,County
36,['Thomas Rhett'],What's Your Country Song,https://i.scdn.co/image/ab67616d00001e023e52c7b8901410a91123b076,Hot Country,County
37,['Granger Smith'],Country Things,https://i.scdn.co/image/ab67616d00001e022cd98ca87a95f0bcbc79d328,Hot Country,County
38,['Billy Currington'],Seaside,https://i.scdn.co/image/ab67616d00001e0293d8a827523025c40ccd4f2f,Hot Country,County
39,"['HIXTAPE', 'HARDY']",HIXTAPE: Vol. 1,https://i.scdn.co/image/ab67616d00001e023cb8463d59169e05b81a9df2,Hot Country,County
40,"['Blake Shelton', 'Gwen Stefani']",Happy Anywhere (feat. Gwen Stefani),https://i.scdn.co/image/ab67616d00001e02f2ca97cae439bbc0bd12ed94,Hot Country,County
41,['Luke Bryan'],Born Here Live Here Die Here,https://i.scdn.co/image/ab67616d00001e024768480cf7c817b1f2d12113,Hot Country,County
42,['Jordan Davis'],Almost Maybes,https://i.scdn.co/image/ab67616d00001e025a9e9f725356e6cf6cd6947f,Hot Country,County
43,"['Luke Combs', 'Amanda Shires']",Without You,https://i.scdn.co/image/ab67616d00001e021a5261e52e5cdabe93484ec9,Hot Country,County
44,['Ashley McBryde'],Never Will,https://i.scdn.co/image/ab67616d00001e024c8cbfbd8f67db3589516f90,Hot Country,County
45,['Dierks Bentley'],Gone,https://i.scdn.co/image/ab67616d00001e023c9467023c4efd02ba78a1bc,Hot Country,County
46,['Abby Anderson'],We Go Together Like,https://i.scdn.co/image/ab67616d00001e02427d13fcdc7c3f36d0d5196f,Hot Country,County
47,"['Kelsea Ballerini', 'Shania Twain']",hole in the bottle (with Shania Twain),https://i.scdn.co/image/ab67616d00001e02fc203909b5eb4ba683a9fc7d,Hot Country,County
48,['Eric Church'],Hell Of A View,https://i.scdn.co/image/ab67616d00001e022e41b5285bc71779e57ff3ab,Hot Country,County
49,['Florida Georgia Line'],Long Live,https://i.scdn.co/image/ab67616d00001e02650404d4b6641e0a63bcb787,Hot Country,County
50,['Hunter Phelps'],Silverado,https://i.scdn.co/image/ab67616d00001e02df6f82e2cd9bf8cdebc977f4,Hot Country,County
51,['HARDY'],GIVE HEAVEN SOME HELL,https://i.scdn.co/image/ab67616d00001e02b7f22f4dd165cafbf3823071,Hot Country,County
52,['Andrew Jannakos'],Gone Too Soon,https://i.scdn.co/image/ab67616d00001e0234e5bd6c5e0d636775e6a9a5,Hot Country,County
53,['Priscilla Block'],Just About Over You (Radio Edit),https://i.scdn.co/image/ab67616d00001e021685f2fba5288b95e01463fb,Hot Country,County
54,['Kelsea Ballerini'],ballerini,https://i.scdn.co/image/ab67616d00001e026cfd8376a0faaf6e9a5240b6,Hot Country,County
55,['Chris Stapleton'],Starting Over,https://i.scdn.co/image/ab67616d00001e029408342067e2ff50d69a3c98,Hot Country,County
56,['RaeLynn'],Me About Me,https://i.scdn.co/image/ab67616d00001e02e121caf0079a982fe98e9ae0,Hot Country,County
57,['Tezza'],Mercury Rising,https://i.scdn.co/image/ab67616d00001e02b598191ecd2c8bdb6cc93048,Hot Country,County
0,['GFRIEND'],回:Walpurgis Night,https://i.scdn.co/image/ab67616d00001e02a1c07b020417770f3385448f,K-Pop Daebak,K-Pop
1,['AKMU'],HAPPENING,https://i.scdn.co/image/ab67616d00001e02bf22300797d2cfa248ffeced,K-Pop Daebak,K-Pop
2,['TWICE'],Eyes Wide Open,https://i.scdn.co/image/ab67616d00001e02dfb3ec8a83a71cd5bbc595e6,K-Pop Daebak,K-Pop
3,['TAEMIN'],Never Gonna Dance Again : Act 2 - The 3rd Album,https://i.scdn.co/image/ab67616d00001e0205f89e348fddab49cf572dd9,K-Pop Daebak,K-Pop
4,['MAMAMOO'],TRAVEL,https://i.scdn.co/image/ab67616d00001e021cc469da4da1bccfa16867be,K-Pop Daebak,K-Pop
5,['Monsta X'],Fatal Love,https://i.scdn.co/image/ab67616d00001e0278d88428e28c760429f6cc7a,K-Pop Daebak,K-Pop
6,['SUPER JUNIOR'],The Melody,https://i.scdn.co/image/ab67616d00001e029e3c2d63ecfc543e6a7f9aef,K-Pop Daebak,K-Pop
7,['CL'],+HWA+,https://i.scdn.co/image/ab67616d00001e02e0a2f45e8696764ac232a786,K-Pop Daebak,K-Pop
8,['AleXa'],DECOHERENCE,https://i.scdn.co/image/ab67616d00001e0206937cec3f4d0acca8d3d64a,K-Pop Daebak,K-Pop
9,['MAMAMOO'],Dingga,https://i.scdn.co/image/ab67616d00001e02b4fd0ba98f675df97c5748b1,K-Pop Daebak,K-Pop
10,['CIX'],"HELLO Chapter 3: Hello, Strange Time",https://i.scdn.co/image/ab67616d00001e027694471cc29815e2b3864637,K-Pop Daebak,K-Pop
11,['LOONA'],[12:00],https://i.scdn.co/image/ab67616d00001e02619b758232a962e9ddf45f97,K-Pop Daebak,K-Pop
12,['TOMORROW X TOGETHER'],minisode1 : Blue Hour,https://i.scdn.co/image/ab67616d00001e02528303153e46f8e94e91820e,K-Pop Daebak,K-Pop
13,['SEVENTEEN'],; [Semicolon],https://i.scdn.co/image/ab67616d00001e02aa12f5b5b2ea88f26ab76846,K-Pop Daebak,K-Pop
14,['XIA'],Pit A Pat,https://i.scdn.co/image/ab67616d00001e029d04d06e1e45b43aad07b18f,K-Pop Daebak,K-Pop
15,['MINO'],TAKE (KR EDITION),https://i.scdn.co/image/ab67616d00001e025a3db6eaf0cb82f8eb862624,K-Pop Daebak,K-Pop
16,['LEE SUHYUN'],ALIEN,https://i.scdn.co/image/ab67616d00001e02aedc82e37f2899fd7f5e9cb6,K-Pop Daebak,K-Pop
17,['NCT'],NCT RESONANCE Pt. 1 - The 2nd Album,https://i.scdn.co/image/ab67616d00001e024525dae431a233a077d2395c,K-Pop Daebak,K-Pop
18,['B1A4'],Origine,https://i.scdn.co/image/ab67616d00001e02795670ed153e53d819d98838,K-Pop Daebak,K-Pop
19,['BLACKPINK'],THE ALBUM,https://i.scdn.co/image/ab67616d00001e0283e20fb049016e87123cb093,K-Pop Daebak,K-Pop
20,"['K/DA', 'Madison Beer', '(G)I-DLE']",MORE,https://i.scdn.co/image/ab67616d00001e02f5aba3392389512e824d7b2a,K-Pop Daebak,K-Pop
21,['DAWN 던'],DAWNDIDIDAWN,https://i.scdn.co/image/ab67616d00001e02bc4aba3b875a71bea62e5052,K-Pop Daebak,K-Pop
22,['ITZY'],Not Shy,https://i.scdn.co/image/ab67616d00001e02fda74ae03a653f5d84010a79,K-Pop Daebak,K-Pop
23,['Stray Kids'],IN LIFE,https://i.scdn.co/image/ab67616d00001e0221fa0c8c53c48dcf3c6c1874,K-Pop Daebak,K-Pop
24,['PENTAGON'],WE:TH,https://i.scdn.co/image/ab67616d00001e02da0376db6b1c5562ab8f5b29,K-Pop Daebak,K-Pop
25,['EVERGLOW'],-77.82x-78.29,https://i.scdn.co/image/ab67616d00001e02359024c678a5803e0677e684,K-Pop Daebak,K-Pop
26,['BTS'],Dynamite,https://i.scdn.co/image/ab67616d00001e022f86d9710377e63bfbc82ba8,K-Pop Daebak,K-Pop
27,['BLACKPINK'],How You Like That,https://i.scdn.co/image/ab67616d00001e02310b505203a3fc8a952ed010,K-Pop Daebak,K-Pop
28,['TREASURE'],THE FIRST STEP : CHAPTER TWO,https://i.scdn.co/image/ab67616d00001e02e64e25e6327ccba025619750,K-Pop Daebak,K-Pop
29,"['BLACKPINK', 'Selena Gomez']",Ice Cream (with Selena Gomez),https://i.scdn.co/image/ab67616d00001e0284bd4cce257cd624b3bebefa,K-Pop Daebak,K-Pop
30,['SOMI'],What You Waiting For,https://i.scdn.co/image/ab67616d00001e02637fd394e106b5af8b19f794,K-Pop Daebak,K-Pop
31,['Jessi'],NUNA,https://i.scdn.co/image/ab67616d00001e02fa4593f7a923d33760488cdf,K-Pop Daebak,K-Pop
32,['Hwa Sa'],María,https://i.scdn.co/image/ab67616d00001e02a84d6d77bb01c3bd737c47d7,K-Pop Daebak,K-Pop
33,['CLC'],HELICOPTER,https://i.scdn.co/image/ab67616d00001e02c5011613476079ff2498bf4a,K-Pop Daebak,K-Pop
34,['REFUND SISTERS'],DON'T TOUCH ME,https://i.scdn.co/image/ab67616d00001e027d2dd67c1f7b69c62b4f3b18,K-Pop Daebak,K-Pop
35,['SuperM'],One (Monster & Infinity),https://i.scdn.co/image/ab67616d00001e02660ddee111317a774217360b,K-Pop Daebak,K-Pop
36,['(G)I-DLE'],DUMDi DUMDi,https://i.scdn.co/image/ab67616d00001e026080e2389dee3e57f00ccc69,K-Pop Daebak,K-Pop
37,['CHUNG HA'],PLAY,https://i.scdn.co/image/ab67616d00001e02dd2e453b805a18442d39597f,K-Pop Daebak,K-Pop
38,['KARD'],KARD 1st Single ‘Way With Words’,https://i.scdn.co/image/ab67616d00001e021fa689610fdceeb2060840ef,K-Pop Daebak,K-Pop
39,['SuperM'],Tiger Inside,https://i.scdn.co/image/ab67616d00001e02c5f1a65a20058ab013111a91,K-Pop Daebak,K-Pop
40,['Red Velvet - IRENE & SEULGI'],Monster - The 1st Mini Album,https://i.scdn.co/image/ab67616d00001e02f919108974e4213d86b83805,K-Pop Daebak,K-Pop
41,['HYO'],DESSERT,https://i.scdn.co/image/ab67616d00001e025b3685b06e22d32bed46c962,K-Pop Daebak,K-Pop
42,['TREASURE'],THE FIRST STEP : CHAPTER ONE,https://i.scdn.co/image/ab67616d00001e022f67b85623a62b3a8482eea6,K-Pop Daebak,K-Pop
43,['Red Velvet - IRENE & SEULGI'],Naughty,https://i.scdn.co/image/ab67616d00001e026c1bd86a3d68faf09607ffd3,K-Pop Daebak,K-Pop
44,"['K/DA', '(G)I-DLE', 'Wolftyla']",THE BADDEST,https://i.scdn.co/image/ab67616d00001e027158ec602fe6e8165cae6091,K-Pop Daebak,K-Pop
45,['DREAMCATCHER'],[Dystopia : Lose Myself],https://i.scdn.co/image/ab67616d00001e02f425b2269d04150547d76377,K-Pop Daebak,K-Pop
46,['Hyolyn'],SAY MY NAME,https://i.scdn.co/image/ab67616d00001e025ed4f8d7da02ff01f93d4aad,K-Pop Daebak,K-Pop
47,['TAEMIN'],Never Gonna Dance Again : Act 1 - The 3rd Album,https://i.scdn.co/image/ab67616d00001e029756c6519e249c1c7c060e60,K-Pop Daebak,K-Pop
48,['ITZY'],It'z Me,https://i.scdn.co/image/ab67616d00001e0286e407289831b784b58d4c5f,K-Pop Daebak,K-Pop
49,['MAMAMOO'],WANNA BE MYSELF,https://i.scdn.co/image/ab67616d00001e02520ea0d948ced66d1c1764e2,K-Pop Daebak,K-Pop